58,Sus scrofa,71.3,Barr Quartermain,Karissa Fleckness,Biron Naire,2
83,Semnopithecus entellus,39.2,Merrilee Francke,Justin McFie,Esther MacAlpine,4
29,Cabassous sp.,95.5,Cordula Legat,Olin Burnyeat,Bryan Babbe,2
78,Mirounga leonina,44.6,Elsey Mocher,Colette Hooks,Ruby Isselee,3
67,Fregata magnificans,1.4,Casandra Waison,Pearle Oller,Scot Rodliff,3
75,Paradoxurus hermaphroditus,97.9,Estel Aguirre,Dorella Biskupek,Manny Malins,1
77,Geospiza sp.,13.8,Sydelle Birbeck,Rodd Mc Caughan,Ruprecht Ruffli,5
14,Bucephala clangula,37.0,Cammy Spuner,Traver Tabert,Tobias Gilgryst,1
97,Eubalaena australis,36.1,Beitris Brassill,Salvatore Becks,Garrot Brinicombe,2
43,Carduelis uropygialis,98.0,Olga Lazer,Bondy Flaonier,Horatia McKennan,4
53,Oxybelis sp.,15.8,Becky Taggett,Mirna Glen,Arron Snell,5
61,Trachyphonus vaillantii,47.4,Cesaro Pointing,Wolfie Brugsma,Tommie Casero,1
21,Geococcyx californianus,44.4,Petey Cardenas,Phil Beddoes,Clo Beste,3
56,Seiurus aurocapillus,2.6,Berke Fradgley,Blondell Yukhnev,Otho Kollasch,4
37,Choloepus hoffmani,74.1,Poppy Cotelard,Anna Harbinson,Augy Suggitt,2
1,Chelodina longicollis,91.8,Justine Genike,Joni Pershouse,Amery Fernier,4
44,Mazama gouazoubira,43.8,Emelen Scrancher,Peta Northleigh,Calley Paler,1
54,Varanus salvator,72.8,Denys Volcker,Gay Grinov,Joanne Collumbine,3
20,Melanerpes erythrocephalus,96.8,Quinlan Sincock,Aluin Quinane,Tome Pietrzyk,4
22,Eolophus roseicapillus,23.2,Errick Redholls,Rania Ebbetts,Henriette Gilmour,4
17,Lama glama,21.7,Yancey Plaskett,Rudolfo Deshorts,Beryle Garard,1
86,Cacatua tenuirostris,72.6,Lindsey Hinstock,Dian Artus,Alfons Bartomieu,3
69,Gazella granti,74.3,Rolando Aiken,Bartie Haucke,Sheppard Dumphrey,3
80,Sciurus vulgaris,12.1,Derwin Naerup,Catharine Sawl,Innis Eversley,2
60,Uraeginthus angolensis,92.9,Fremont Holmyard,Sascha Nacci,Robinet Summerley,3
83,Lycosa godeffroyi,47.2,Zora Humpatch,Sophia Asif,Leanora Ludy,1
24,Ara chloroptera,72.7,Willdon Redfern,Alisha Wheelband,Fabiano Roset,5
38,Zalophus californicus,15.6,Lionello Arno,Basilius Brushneen,Dody Smuth,2
34,Spermophilus armatus,4.6,Rasla Vayro,Trescha Bennedsen,Odessa Elias,2
43,Antilocapra americana,54.6,Ruby Garrood,Zeb Witter,Laughton Dorbon,4
52,Graspus graspus,98.8,Salli Telling,Isidro Dampney,Ashien Wheildon,1
20,Axis axis,14.2,Abagael Shimon,Jarrad Nanni,Cleveland Fenby,4
90,Equus hemionus,12.1,Mallissa MacLoughlin,Camille Langan,Humbert Farrent,3
84,Felis pardalis,73.8,Brear Beaby,Darbie Bamling,Samaria Beranek,3
27,Coluber constrictor,12.5,Ches Ellison,Mirella Poolton,Harriette Durnan,2
7,Numida meleagris,97.7,Olly Surgen,Gretchen Gladwell,Warner Mildmott,3
6,Ovis ammon,30.6,Garrett Fomichyov,Ethelred Aprahamian,Heindrick Leuren,4
37,Tamiasciurus hudsonicus,86.2,Marge Ungaretti,Diann Lathaye,Dov Garden,2
8,Tockus flavirostris,4.1,Doti Cuthbertson,Reine Roebottom,Felicio Semeradova,3
10,Falco peregrinus,17.8,Berri Aberdalgy,Marcellina Hurcombe,Reube Jurzyk,1
58,Spheniscus mendiculus,71.8,Neile Dukesbury,Hercules Lough,Massimo Kippling,5
94,Zalophus californicus,24.8,Kameko MacRory,Davidde Lanigan,Isadore Hammand,1
22,Pseudalopex gymnocercus,99.1,Michal Bengochea,Kin Romei,Manya O'Teague,4
46,Canis aureus,18.7,Georgy Swinney,Vivianne Littrik,Jessi Aubrey,3
79,Cygnus buccinator,99.9,Edeline Manhood,Hal Donett,Cary Annell,5
5,Ctenophorus ornatus,31.3,Allissa Maffione,Brooks Haskew,Denney Fullard,1
72,Delphinus delphis,80.5,Aveline Hemphill,Bobbee Medeway,Mar Blakeborough,1
77,Prionace glauca,2.8,Lee Schaben,Kaitlynn Leel,Adela Attewill,2
78,Cervus canadensis,39.1,Koral Stracey,Saloma Tassell,Corella Masterman,3
46,Macropus fuliginosus,92.8,Regine Orrocks,Cilka Braxton,Virge Kennifeck,5
59,Graspus graspus,26.0,Trude Demsey,Cordy Mealing,Fremont McCue,2
87,Dendrohyrax brucel,69.3,Madalyn Becarra,Amble Aarons,Geordie Haggus,3
97,Canis mesomelas,46.0,Nannette Bolf,Darill Getcliff,Carin Castellan,3
20,unavailable,88.2,Zaria Ronca,Jeannine Ferrarello,Licha Grinstead,1
55,Myiarchus tuberculifer,21.4,Desdemona Ferguson,Donielle Gillbanks,Tomi Lindgren,1
84,Pseudocheirus peregrinus,74.6,Gerianna Parke,Cecil Brill,Kylila Rodders,1
48,Microcebus murinus,47.1,Anjanette Durrington,Stepha Ellice,Alexina Huckle,2
84,Sylvicapra grimma,89.3,Devondra Glitherow,Modesty MacNalley,Marten Brumen,3
49,Uraeginthus angolensis,77.5,Burg Snowling,Dee dee Roddell,Doy Dance,5
55,Castor canadensis,11.1,Carce Ashenhurst,Nev Tortis,Liane Jozwik,1
16,Vombatus ursinus,46.1,Neely Eglin,Gawain Aim,Ansel Dundredge,3
23,Macaca mulatta,18.3,Cory Greed,Philippa Langeley,Zaria Dearl,1
89,Butorides striatus,49.3,Darby Heisman,Charmaine Burman,Daven Battabee,1
24,Meleagris gallopavo,29.7,Rozina Bythway,Cheri Fassan,Margaret Whitehall,5
7,Cercatetus concinnus,63.7,Torey Gerrie,Matti Akerman,Damon Wickins,4
80,Aepyceros mylampus,3.4,Denny Croizier,Catha Lednor,Otto Shelford,2
98,Nasua nasua,15.1,Moll Harness,Osbert Horning,Malissia Brashaw,1
82,Ciconia ciconia,50.1,Rochella Bernette,Carly Biffin,Rosmunda Sign,2
92,Macropus agilis,55.3,Greg Stovold,Gerrie Mertsching,Johnnie Durtnell,5
79,Lamprotornis nitens,52.1,Sherrie Soulsby,Karmen Erlam,Isidor Jelkes,2
84,Alcelaphus buselaphus caama,10.7,Rafaellle Ewbanks,Gweneth Smallpeice,Tabby Spraggon,1
35,Lybius torquatus,67.2,Penny Guerrieri,Paule McRill,Vaughan Boakes,4
92,Sciurus vulgaris,90.3,Bride Sare,Adolphus Quick,Francois Fitton,4
53,Gyps bengalensis,17.9,Miles Dundridge,Kathryn Falloon,Leighton Pipkin,4
23,Bassariscus astutus,41.9,Lorianne Ettles,Burke Portman,Vanda MacKerley,2
69,Anthropoides paradisea,73.3,Olag Claxton,Alexandros Borrett,Nady Hanscombe,1
30,Crotalus adamanteus,99.9,Chip Paullin,Clementia Danniell,Paule Oager,1
85,Ciconia episcopus,56.0,Eloise Sannes,Dukey Ciani,Claresta Bernardini,5
42,Picoides pubescens,14.7,Maurizia Dougharty,Prudence Plevin,Ashli Oleshunin,3
85,Paraxerus cepapi,82.1,De witt Paike,Klaus Sulman,Menard Hancorn,4
89,Eumetopias jubatus,15.3,Legra Dumpleton,Devondra Channing,Sigismundo Keese,2
41,Phalacrocorax albiventer,54.1,Ursola Roff,Erica McCutheon,Ulick Morin,1
71,Cygnus atratus,65.2,Hashim Alten,Elias Choppen,Deny Rossbrook,1
11,Rhea americana,62.5,Rhody Acreman,Evelyn Roff,Sherman Platfoot,4
66,Ramphastos tucanus,74.6,La verne Fish,Tobin Beed,Fabiano Caris,3
38,Didelphis virginiana,39.1,Adrienne Wallwork,Giusto Farish,Brigham Minillo,4
36,unavailable,60.7,Marleah Mackrell,Flemming Currington,Hyacinthe Sunley,3
89,Tadorna tadorna,17.1,Rosalyn Allsup,Silas Derham,Zandra Hinners,5
40,Phascolarctos cinereus,17.1,Arty Trenear,Gibby Skamal,Abie Ferrulli,1
92,Callipepla gambelii,77.4,Jeni Arlidge,Lydon Koeppke,Kayne Life,3
96,Theropithecus gelada,5.3,Cyndi Peacocke,Gusty Ghidelli,Garwin Dearnly,3
3,Cordylus giganteus,87.5,Lenore Screach,Teri Fitzsimons,Roland Nortcliffe,4
62,Tockus erythrorhyncus,35.2,Kary Tarbert,Candide Annion,Karon Billingsly,5
16,Calyptorhynchus magnificus,78.4,Corbett Garett,Evelyn Hencke,Trumann Nusche,1
14,Plegadis falcinellus,72.4,Poul Bruhke,Wyn Levay,Candie Meert,2
39,Cygnus atratus,66.7,Towney Barnett,Hamil Munt,Karole Dearden,2
70,Eudyptula minor,77.0,Godfree Congram,Truda Mattam,Adrian Sorsby,5
71,Hyaena brunnea,74.5,Jerrine Trewman,Amos Pietruszka,Job Davidi,2
59,Gazella thompsonii,32.7,Oberon Bearblock,Odille Van Leijs,Saxon Skellorne,1
86,Macropus agilis,9.6,Merrilee Garratty,Giselle Laidel,Sim Tuting,1
34,Pteronura brasiliensis,12.6,Irvin Bambridge,Malinda Lyptratt,Adrianna Teese,4
92,Paroaria gularis,51.3,Hertha Barhems,Zora Mapes,Chrissy Bedding,2
36,Haliaetus vocifer,80.9,Karine Clausen-Thue,Angie Privett,Aurel Pikhno,4
97,Gymnorhina tibicen,35.7,Nata Maddock,George Sellan,Adela McNally,4
58,Cynictis penicillata,13.6,Ramon MacPaden,Max Sidebotham,Florance Portis,1
98,Larus dominicanus,3.1,Peggie O'Looney,Pauly O'Fallone,Isidora Lamprecht,4
74,Castor canadensis,18.7,Caroline Tremathack,Rosalie Honacker,Annecorinne Tembey,3
51,Lamprotornis sp.,37.3,Tracy Vautier,Emmalynne Gooda,Charmane Duker,3
98,Felis silvestris lybica,10.9,Chelsy Giacopelo,Moises Bewshire,Cletis Haborn,3
28,Pituophis melanaleucus,28.1,Shay Spriggen,Pierce Antyukhin,Mignon Crole,2
96,Sagittarius serpentarius,36.9,Grady Conquer,Janaya Deane,Meagan Tabord,5
50,Francolinus swainsonii,44.7,Zachary Caistor,Cornelle Bowles,Lars Tarney,3
47,Ursus maritimus,68.8,Ann Morehall,Tom Ledley,Hazel Oager,2
5,Anathana ellioti,27.2,Ralph Binnie,Starlene Charteris,Morly Emanuel,4
35,Nyctanassa violacea,45.7,Arnuad Draude,Phillie Trethowan,Vincenty Dradey,3
33,Haliaeetus leucoryphus,43.4,Chip Mowsley,Milli Henrion,Madelina Brosch,1
90,Myrmecobius fasciatus,95.0,Ellynn Dunbar,Orran Conquer,Arlan Tolputt,1
61,Alces alces,47.3,Flor Butland,Dannie Dumingo,Gwenni Wedlake,4
16,Nasua narica,15.9,Stefa Eichmann,Birgit Arnaudi,Shina Etherton,5
30,Choloepus hoffmani,48.1,Caroljean Bonnick,Court Rutt,Kenna Wesson,5
31,Tayassu pecari,79.1,Bennie Wentworth,Leonard Sommerlie,Tymon Borit,4
9,Agkistrodon piscivorus,38.7,Anastasie Bridgland,Mellisent Vlasov,Bernardo Howley,1
64,Mungos mungo,69.5,Ranice Morgue,Lindie Chritchlow,Niall Pindar,1
6,Paroaria gularis,97.3,Lindsy Affleck,Morris Bakewell,Hugo Thirwell,2
10,Anthropoides paradisea,40.7,Leigha Dimitru,Ralina Whybray,Meagan Heiner,5
5,Bassariscus astutus,75.4,Carmen Paffitt,Cob Morais,Luella Dickins,3
45,Potorous tridactylus,80.9,Cristi Samme,Vannie McGragh,Wendeline Lilbourne,4
45,Crocuta crocuta,52.3,Kerby Gemlbett,Toma Pemberton,Traci Bau,2
45,Mustela nigripes,36.8,Merci Rogliero,Starla Poller,Sibeal Donner,3
79,Gymnorhina tibicen,16.9,Rayner Crasswell,Charisse Dunbabin,Pooh Colombier,3
52,Merops bullockoides,27.9,Joana Duly,Vanya Dyas,Dennison Baumadier,2
79,Speothos vanaticus,42.2,Gino Penswick,Anstice Camble,Elenore Dunnett,2
71,Aonyx cinerea,11.2,Chiquia Sallinger,Skyler Scutter,Adham MacRedmond,5
15,Dasypus novemcinctus,6.3,Nobie Eatock,Lindie Floyde,Fletch Whelan,2
51,Thamnolaea cinnmomeiventris,33.2,Pattie Geekie,Douglass Petters,Judas Melluish,1
19,Castor fiber,1.2,Tome Ricker,Belinda Claiton,Hildy Scuse,1
99,Passer domesticus,91.0,Vikky Abrahams,Sheena Elsey,Keven Ewols,4
81,Macropus fuliginosus,82.9,Dorette Risebrow,Shermie Llopis,Hervey Stidworthy,5
7,Damaliscus dorcas,22.1,Marcelo Helm,Devon Mix,Shirl Kitching,2
87,Canis mesomelas,50.7,Kerianne Houldcroft,Reggie Ary,Nannette Haken,4
49,Cereopsis novaehollandiae,48.1,Rhodie Conquest,Giacobo Ivatt,Peterus Roscamp,1
9,Madoqua kirkii,18.8,Mark Campey,Mozes Burgiss,Rosmunda Cromb,1
59,Gorilla gorilla,87.0,Leonelle Fairbridge,Eugen Scollard,Andrus Hasling,1
78,Vulpes chama,54.2,Richie Garmons,Alie Dietz,Nevile Bratcher,4
100,Ceryle rudis,70.0,Lewie Kulver,Bartholomeus Storkes,Mirna Ablitt,4
78,Castor fiber,29.3,Linzy Laxson,Suzanne Melley,Eugenia Rasell,5
94,Loris tardigratus,84.0,Trude Bowick,Hillary Andrew,Godart Mooney,4
51,Connochaetus taurinus,74.9,Lorianne Cooksey,Viviyan deKnevet,Alexei Coyne,5
25,Corvus albicollis,23.6,Karin Brear,Dean Tulleth,Kylen Olivia,2
11,Marmota caligata,87.3,Sander Dann,Laurens Mangenet,Malissa Farrears,4
99,Papio cynocephalus,62.3,Rivy Balthasar,Archaimbaud Kitchingham,Roxanne Davidy,5
22,Alouatta seniculus,99.6,Christine Disdel,Ugo Djokic,Cordey Duferie,3
4,Anas bahamensis,43.0,Dee Ayliff,Mohammed Mayor,Tammara Cranna,5
79,Hymenolaimus malacorhynchus,3.6,Benedicto Cosgreave,Eolanda Tarplee,Jinny Fillery,5
38,Colobus guerza,89.4,Wendeline Darrington,Malva Bromidge,Mora Pruvost,4
51,Tiliqua scincoides,57.9,Herta Burdas,Kaleb Tunnoch,Matthiew Mityushkin,3
10,Theropithecus gelada,4.5,Felicle Rosenwald,Leicester Flinders,Brigit Spittal,5
46,Macaca mulatta,50.9,Vincent Lucien,Leah Highman,Margaretha Ponte,5
90,Butorides striatus,24.2,Shepard Muncie,Antonino Gledstane,Demetris McKoy,2
16,Castor fiber,68.2,Sheba Tatlowe,Wenda Bridgwater,Marcellus Heathcote,2
26,Neotis denhami,74.8,Olympie Swannie,Emmeline Middell,Marge Shoutt,2
88,Sarkidornis melanotos,51.4,Vale Tribble,Orelie Chattelaine,Clair Firminger,4
55,Macaca fuscata,53.8,Stanwood Illiston,Conn Rickeard,Jobina Kemmey,4
32,Ratufa indica,80.6,Alistair Vearnals,Kalila Bottinelli,Paddie Vinck,3
13,Ovis ammon,30.8,Elmer Darkins,Trefor Hugh,Renae Jina,3
26,Spermophilus parryii,6.5,Mame Sigmund,Jacquenette Randlesome,Keenan Ber,2
83,Ramphastos tucanus,17.5,Daron Teasell,Jess Hoggin,Godwin Plumer,1
5,Psophia viridis,14.6,Jorey Benduhn,Mildred Caesar,Filbert Whannel,5
66,Ovis dalli stonei,95.8,Pryce Dicey,Briant Mallalieu,Lolita Reedie,3
43,Anathana ellioti,52.3,Haywood Bowhay,Basile Healy,Wilona Spaven,1
36,Redunca redunca,31.3,Joachim McNicol,Dora Harder,Fawnia Alessandone,5
98,Naja haje,7.4,Travis Berggren,Freddie Gostick,Stephi Klementz,3
25,Mazama gouazoubira,2.7,Nelli Nertney,Davin Lehrmann,Patrice Batecok,2
53,Phalaropus fulicarius,47.8,Trista Pigot,Leroi Cragoe,Marsiella Desforges,5
65,Meleagris gallopavo,85.1,Baxter Borkett,Charlotte Demangeon,Ethelin Bridgwood,2
56,Aegypius tracheliotus,45.1,Deonne Bockmann,Jeromy Donativo,Morna Churching,1
2,Sceloporus magister,67.9,Omar Elsmere,Edyth Le Cornu,Halli Pettett,4
41,Crotaphytus collaris,70.5,Aurora Knapton,Drucy Trenam,Bernetta Lyfe,2
29,Ciconia episcopus,24.0,Brita Daughtery,Maryrose Dimberline,Kasey Hirjak,1
29,Phalacrocorax albiventer,29.5,Bruce Leuren,Haley Tedstone,Kylynn Gilbertson,1
46,Equus hemionus,55.3,Nettie Copperwaite,Kirstyn Lengthorn,Rock Patmore,3
76,unavailable,49.6,Jacqueline Skeech,Richie O'Lenechan,Panchito Manicom,5
3,Paradoxurus hermaphroditus,59.3,Erwin Trimme,Gradeigh Hardistry,Grace Clausen,4
32,Lorythaixoides concolor,20.2,Veronike Simenot,Ag Incogna,Loralee Smallshaw,1
12,Macropus eugenii,40.2,Humfrid Axtell,Giffy Kitt,Linn Blaxlande,5
13,Alopochen aegyptiacus,16.3,Lucina Ferriman,Bearnard Campling,Giusto Djokovic,2
94,Gazella thompsonii,33.1,Viki Bjerkan,Nealson Noel,Quill Anderton,2
35,Pytilia melba,7.3,Jasmina Points,Cissy McFarlan,Nari Krook,1
12,Otaria flavescens,48.9,Thayne Feary,Konrad Selland,Coral Colgrave,4
51,Pelecanus occidentalis,56.6,Valery Sheehan,Netta Kach,Nanice Joffe,3
99,Mazama gouazoubira,37.8,Gordon Gyles,Ester Abbie,Coletta Pideon,5
44,Felis silvestris lybica,62.4,Alyce Snellman,Donica Bullivent,Jarrad Nicklin,5
9,Paroaria gularis,24.7,Suzann Pagelsen,Thain Menichini,Regan Skain,4
41,Larus fuliginosus,98.6,Desiree Liptrod,Ulrikaumeko Cartwight,Winny Dawidowicz,5
57,Cynomys ludovicianus,2.8,Chick Froom,Anny Keeri,Leonard Parradice,1
86,Milvus migrans,73.9,Heddi Whanstall,Windham Toleman,Murry Panter,2
79,Streptopelia decipiens,48.5,Conn Palphreyman,Kienan Juggings,Cortney Dudhill,4
58,Speotyte cuniculata,29.9,Eduardo Kitley,Aristotle Crannage,Donalt Gilardoni,1
13,Stenella coeruleoalba,86.8,Stearn Taillant,Ines McCrudden,Wilburt Rochford,1
49,Psittacula krameri,15.5,Lorant Eusden,Kelsy Masdin,Wayland McCaskill,3
66,Uraeginthus bengalus,63.2,Sukey Tomczynski,Marylou Seekings,June Thomasen,3
54,Ctenophorus ornatus,28.3,Leesa Shepcutt,Corbin Collete,Andriana Baddeley,1
25,Cebus nigrivittatus,64.3,Ernest Cassells,Beverlie Olligan,Goldi Dreinan,3
6,Cynictis penicillata,12.6,Vittoria Orae,Meryl Pitrelli,Quinn Casement,1
39,Colaptes campestroides,17.5,Lionel Blencoe,Federica Trineman,Judye Lavall,4
47,Cacatua tenuirostris,88.7,Hasheem Goldbourn,Fair Affleck,Donny Rival,2
90,Ateles paniscus,93.2,Rhonda Slucock,Joelly Kyd,Ranice Lanahan,2
62,Pavo cristatus,4.7,Paton Trickey,Corabella Hendriksen,Loella Slewcock,2
49,Pseudalopex gymnocercus,86.5,Papagena Vedishchev,Morty Papis,Andriana Dyett,2
56,Phalaropus fulicarius,60.6,Kay Hauxby,Lothario Drejer,Leticia Duffin,3
52,Sarkidornis melanotos,71.8,Stephana Fursey,Liz Fownes,Hollie O' Dooley,5
56,Eutamias minimus,82.3,Kimberli Simons,Lucilia Middler,Imojean Fines,2
65,Echimys chrysurus,80.9,Hillier Besant,Mollee Franey,Zachery Raynham,2
98,Eremophila alpestris,2.1,Legra Bernath,Gwenore Kryszka,Bernete Klaffs,3
78,Lorythaixoides concolor,38.4,Charmion Threlfall,Hayward BURWIN,Brooke Bispham,1
69,Amblyrhynchus cristatus,69.4,Shermy Hulse,Stanleigh Jackalin,Graham Meere,3
58,Felis libyca,50.0,Blanch Clitherow,Anatole Kulic,Nelly Hanssmann,2
58,Dicrostonyx groenlandicus,76.8,Godwin Gurner,Christabella Tann,Sheeree Fern,2
83,Ramphastos tucanus,55.4,Querida Deeley,Frank Relph,Valentijn Phinnis,2
54,Cabassous sp.,3.3,Georgetta Muzzillo,Ulrich Sange,Bria Wycliff,3
80,Anthropoides paradisea,70.2,Jordon Collens,Albertina Raraty,Beatrix Colchett,3
22,Canis lupus baileyi,58.2,Lezley Kuhnwald,Sherlocke Coote,Hana Dooland,1
97,Phalaropus lobatus,68.7,Janene Simoes,Mel Winks,Carmelita Crowe,5
15,Marmota monax,59.9,Lily Pardon,Jordan Foort,Cirstoforo Schwartz,5
21,Galictis vittata,13.3,Dyanne Bernadon,Breanne Brownbridge,Roth Crook,3
82,Butorides striatus,45.8,Jacki Benezeit,Harlen Grainger,Terence Owtram,1
65,Procyon lotor,48.7,Rodge Micco,Aubrey Frith,Connie McWhan,4
66,Crocuta crocuta,34.8,Eben Routham,Kordula Lillicrop,Ernesto Vedntyev,3
65,Felis silvestris lybica,70.2,Reinaldo Viney,Wilow Trengrove,Ivie Dymidowicz,1
23,Milvago chimachima,67.2,Celinka MacColgan,Jens Alderman,Ilyse Ashmole,2
88,Branta canadensis,38.8,Graeme Kohtler,Vera Hatherley,Gill Karmel,3
73,Tayassu tajacu,25.4,Wilona Jerrard,Karlan McCormick,Astrix Benez,5
57,Ramphastos tucanus,37.0,Elwood Sebright,Bil Heinlein,Lillis Fausset,4
90,Orcinus orca,71.4,Zsa zsa MacMenamy,Corny Duffield,Luelle Muckleston,3
78,Mungos mungo,79.1,Kendrick Willison,Lurline Sneesbie,Cordelia Tissier,1
76,Gekko gecko,78.8,Karim Giovanizio,Brandice Timbrell,Billy Debow,2
10,Mazama americana,34.5,Jeanette Prevost,Bibi Pawels,Tonia Presslee,3
75,Columba livia,66.4,Deena Allix,Mirella Allbon,Hall Need,1
9,Dendrocitta vagabunda,15.6,Matthias Leborgne,Irene Uzzell,Collette Illwell,4
75,Ninox superciliaris,81.9,Zed Iscowitz,Almeda Rosle,Alfons Phlippi,4
39,Limnocorax flavirostra,74.1,Cassy Mansfield,Lauralee Martinho,Goddard Perritt,4
2,Francolinus leucoscepus,1.0,Lindon Cuxson,Drusy Parradice,Celestyna Trussler,1
98,Spermophilus parryii,85.1,Rodger Pauly,Ugo Durning,Micheil McGilvra,3
6,Ovis dalli stonei,18.8,Lauren Vedishchev,Reinaldos Coxhell,Delinda Olivella,5
5,Isoodon obesulus,15.8,Noll Wilcox,Valentine Pidduck,Elsworth McKinley,4
55,Aegypius tracheliotus,74.0,Alysia Kemwall,Meade Pietraszek,Cathlene Sloley,4
75,Neotis denhami,89.5,Bernadina Chevers,Marita Livingstone,Aldwin Snawden,5
25,Myotis lucifugus,60.8,Penny Eggar,Ulla Stuke,Georgeanna Bastock,2
60,Eolophus roseicapillus,52.2,Annette Openshaw,Tessy Kerrod,Hulda Dany,3
50,Meleagris gallopavo,88.2,Esteban Lorincz,Nero Perot,Emma Conklin,2
55,Leptoptilos crumeniferus,5.5,Lydia Lamshead,Ursa Carswell,Parrnell McGorman,5
14,Dasypus novemcinctus,94.0,Ilise Lucia,Doralia Collman,Hazel Lomax,1
82,Helogale undulata,69.4,Thornton Brownscombe,Giustino Rubel,Guillema Winspur,3
54,unavailable,51.8,Biddie Bishell,Hogan Cammis,Staford Raffels,3
87,Alopex lagopus,9.9,Alanson Roberson,Roderigo Shafto,Jo Juszkiewicz,4
66,Physignathus cocincinus,59.8,Kayley Lowers,Link Laxson,Sheela Blayd,1
79,Cyrtodactylus louisiadensis,26.4,Clarey Baylay,Allen Smiley,Newton Tooze,3
33,Kobus leche robertsi,77.8,Andrej Dearle-Palser,Julieta Kierans,Blondie Whitewood,2
6,Acinynox jubatus,49.3,Allistir Paine,Gillan Elam,Dniren Goldberg,4
67,Melophus lathami,17.2,Denna Ager,Nessy Castane,Red Meekings,5
18,Rhea americana,89.9,Dorette Culbard,Lynnet Burdikin,Mollee Gudger,5
64,Trachyphonus vaillantii,27.9,Rudolfo Manhood,Adorne Burnet,Madella Panchin,3
36,Certotrichas paena,28.9,Ailene Busen,Wendy Gallahar,Sigrid Bly,5
90,Nycticorax nycticorax,24.8,Sharlene Rickaert,Ely Woodfin,Sholom Dilke,2
85,Parus atricapillus,81.3,Annissa Paffot,Barbette Cayet,Colas Akker,2
71,Erethizon dorsatum,59.5,Otho O' Mara,Flora Klicher,Clifford Pettis,1
67,Bubalornis niger,13.4,Darell Fiddy,Storm Tromans,Tiffie Spoward,5
29,Aegypius tracheliotus,73.9,Rubin Brenneke,Andy Jodrelle,Darrin Tash,3
73,Ephippiorhynchus mycteria,34.2,Fancy Teasey,Lance Sigert,Trescha Gemlett,5
39,Spermophilus parryii,29.4,Julie Ivanitsa,Karlee Shew,Garret Cowgill,3
36,Eumetopias jubatus,19.6,Cahra Bande,Yoshiko Lantaph,Corella Windress,2
15,Procyon lotor,60.5,Em Walewski,Meier Iseton,Trace Tallyn,5
66,Acrantophis madagascariensis,33.7,Libbie Junkison,Jacquetta Bezley,Lorine Shrubb,5
65,Macropus giganteus,12.7,Lind Dallon,Roobbie Lamkin,Obidiah Realy,1
63,Dacelo novaeguineae,6.0,Roma Douglass,Sadye Grossier,Terrie Caress,1
14,Tursiops truncatus,61.7,Gerrard Tudbald,Arleyne Tsar,Matthiew Schulkins,4
63,Stenella coeruleoalba,82.7,Bendite Vinas,Jacklin Cawthorne,Ola Mannering,5
91,Lutra canadensis,6.2,Hedwiga Dymoke,Gisella Mafham,Greer Bool,4
66,Butorides striatus,73.6,Jannel Pabel,Delmer Allibon,Gayla Blinder,4
52,Zosterops pallidus,51.2,Powell Dedden,Shandeigh Iacobucci,Agosto Major,3
67,Uraeginthus angolensis,89.1,Poppy Coughtrey,Mirella Tosney,Roz Merck,5
79,Uraeginthus granatina,75.4,Kaile Tabord,Linea Dunstone,Terrel Manuello,2
24,Microcebus murinus,56.6,Ty Moreman,Hilly McMakin,Pearce McTear,2
35,Milvus migrans,46.0,Herold Allnatt,Felita Dougary,Farlee Cadwaladr,3
22,Alcelaphus buselaphus cokii,72.2,Tore Boaler,Angil Ughelli,Robby Birrell,3
67,Gyps bengalensis,31.6,Lidia Dumphrey,Jed Balazot,Burk Yurocjkin,5
13,Zenaida asiatica,4.6,Harriett Artiss,Shelby Dunkley,Sibyl Chasemore,2
63,Pseudocheirus peregrinus,5.7,Maura Abbison,Maribelle Berrygun,Jethro Arnoud,5
92,Papio cynocephalus,75.1,Frayda Smewing,Burk Darrow,Raymund Jewel,1
18,Corvus brachyrhynchos,36.8,Jewelle Furnell,Carey Lampett,Mandy Jovanovic,1
95,Cynomys ludovicianus,89.6,Darlleen Tilliard,Cathie Tschersich,Eudora Mulliner,1
16,Geochelone elegans,67.8,Carlen Westcarr,Addia Trobey,Gunter Cresar,5
72,Macaca fuscata,11.3,Timmie Lovie,Lindie McCurrie,Amalea Purse,2
98,Varanus sp.,1.2,Doll Baudi,Pasquale Castagnasso,Woody Mattis,1
35,Xerus sp.,99.4,Hal Welfair,Gail Jerdan,Lorettalorna McIlmorow,2
38,Psophia viridis,88.7,Edi Easun,Prudy Staining,Lucita Pietzner,2
71,Junonia genoveua,70.4,Tull Elson,Maria Robak,Alberik Drewett,4
5,unavailable,19.0,Birch Bantock,Nertie Baike,Felicdad Tiley,1
6,Cercopithecus aethiops,95.1,Dulciana Szimoni,Orville Doberer,Jeannie Raden,4
15,Raphicerus campestris,32.8,Amanda Oen,Desi McMaster,Roberto Kleinstub,2
81,Dicrostonyx groenlandicus,8.1,Toddy Walthew,Ajay Syms,Marijo Zamorrano,2
33,Orcinus orca,78.8,Tasha Boggon,Dasya Longden,Davidson Brockhurst,5
50,Bettongia penicillata,52.8,Devonna Peirpoint,Elisha Treamayne,Sacha Park,1
27,Oncorhynchus nerka,73.4,Emyle Hamsson,Pincas Mardell,Lou Lyfe,2
11,Platalea leucordia,3.3,Lanette Grave,Josee Diss,Susanna Carlile,2
4,Butorides striatus,36.1,Sibbie Hulles,Reina Radford,Alysia Rogister,2
93,Odocoileus hemionus,71.0,Zarah Hoy,Bette Carreyette,Gaston Seamarke,3
2,Tiliqua scincoides,27.5,Georgeta Flarity,Hali Caban,Spence Becker,5
49,Pitangus sulphuratus,85.2,Lutero Romanski,Isiahi Stansbie,Swen Gosson,2
42,Sylvicapra grimma,82.5,Suzette Braycotton,Jory Astbury,Jackqueline Carren,2
73,Dacelo novaeguineae,16.5,Kathy Tallow,Elwin Ruffell,Carlo Rissom,4
94,Manouria emys,6.3,Thorsten Morston,Travis Luckhurst,Damaris Anstiss,3
14,Rhabdomys pumilio,97.9,Cora Hackley,Oralia Peel,Stephana Clinnick,1
23,Calyptorhynchus magnificus,29.7,Melissa Haps,Caitlin Firsby,Adora Geraldi,1
33,Phalacrocorax albiventer,52.1,Hobey Dincey,Barbe de Najera,Chip Plait,1
69,Phascogale tapoatafa,9.5,Cheslie Pritchard,Alanna Benduhn,Valencia Ivanin,5
4,Trachyphonus vaillantii,29.4,Cort Richfield,Iago Prior,Alecia Dominguez,2
2,Bassariscus astutus,22.7,Rosanne Bonney,Dewey Lashmar,Priscella Pellamont,5
41,Laniaurius atrococcineus,96.1,Vlad Cringle,Shaylyn Darey,Upton Aizlewood,1
76,Dromaeus novaehollandiae,38.5,Antonino Godly,Claretta Dunniom,Percy Rugg,4
66,Carduelis uropygialis,29.0,Newton Holtum,Melisenda Ziemens,Loralie Gorrie,4
26,Papio ursinus,79.4,Boyd Challin,Fleming Hadye,Ashla Finder,3
67,Oncorhynchus nerka,92.9,Billye Iacobacci,Kenn Le Monnier,Inigo Durrad,5
40,Pycnonotus barbatus,69.4,Cherye Neissen,Shanon Jeste,Virgina Quantick,3
9,Manouria emys,60.9,Freemon Kettlesing,Stearn Cussins,Ernest Basden,3
96,Alopochen aegyptiacus,87.9,Gibbie Mosedill,Si Gauche,Garrick Bircher,3
56,Tamiasciurus hudsonicus,62.3,Hedy Polini,Pollyanna Nys,Sydney O'Keeffe,4
94,Phasianus colchicus,18.5,Joya Andren,Robbin Pallister,Terrence Demougeot,4
82,Tiliqua scincoides,77.7,Zonda Lampens,Meara Keddle,Constantine Lorenz,1
94,Philetairus socius,74.8,Kathrine Foffano,Margit Dannohl,Craggy Anstie,5
100,Myotis lucifugus,38.8,Annabel Davidsen,Tiffanie Cazin,Abey Pietrzyk,4
81,Ardea golieth,86.6,Rustie Renyard,Aileen Petasch,Malynda Heugle,3
8,Nyctea scandiaca,8.0,Wallie Oakenfall,Delores Dyos,Lelah Burne,1
31,Pandon haliaetus,31.3,Lennie Manklow,Ruddy Saunier,Barnie Blazic,5
41,Pseudocheirus peregrinus,7.4,Ginnie Gueste,Gillan Garlant,Cecilla Kline,3
32,Paroaria gularis,99.7,Salvidor Vezey,Deirdre Cranshaw,Alyosha Ousby,2
17,Cracticus nigroagularis,98.6,Raoul Alexandrou,Johan Agostini,Liv Arnao,4
69,Tetracerus quadricornis,79.6,Patty Highton,Buiron Fitzgerald,Kerk Fipp,2
20,Zosterops pallidus,89.3,Jecho Gaitung,Hettie Ivchenko,Lucita Hatrey,4
54,Alouatta seniculus,37.0,Arabella O'Lennane,Bud Illingsworth,Daniele Whatsize,3
53,unavailable,42.9,Sheree Fleetham,Mariya Crews,Ketty Beecker,5
26,Bos frontalis,40.9,Oliy Cowlin,Helga Dalloway,Johannah McWhinnie,2
70,Aonyx cinerea,54.5,Hendrika Gadie,Brenna Peplay,Inigo Huygens,5
78,Mazama gouazoubira,95.1,Charissa Jeyes,Hobart Ruddle,Velvet Boal,3
92,Larus novaehollandiae,13.9,Ameline De Angelo,Beilul Biggans,Grayce Teale,2
95,unavailable,59.4,Lowell Innerstone,Dalis Heibl,Peri Goodhay,1
4,Phalacrocorax brasilianus,24.3,Traver Teall,Oby Priddey,Cindelyn Heaven,1
84,Ammospermophilus nelsoni,3.2,Milzie Pile,Reinaldo Slaughter,Karlens Kahen,2
40,Sciurus niger,10.4,Kikelia Fearenside,Mignonne McConnel,Benito Ort,3
15,Ctenophorus ornatus,66.6,Logan McArdell,Oswald Breakey,Cristionna Tytterton,1
85,Crotalus cerastes,20.0,Minetta Gosnoll,Robbin Wychard,Duff Bruff,1
7,Alopochen aegyptiacus,73.6,Emelen Berthome,Corbie Pritty,Jennica Hadgraft,1
39,Vulpes cinereoargenteus,45.2,Aurelie Willmont,Ilise Keirle,Hayes Ayerst,2
19,Dicrostonyx groenlandicus,2.1,Byram Lambie,Inesita Caig,Ameline Bedberry,4
79,Leptoptilus dubius,66.9,Edd New,Mona Cansfield,Madison Bonass,3
76,Milvago chimachima,17.1,Thebault Vowles,Lanna Tongs,Muffin Whitbread,4
58,Marmota monax,57.9,Durante Trussell,Florry Obispo,Ferdie Dinzey,1
24,Equus burchelli,52.6,Tallie Burkhill,Jerry Sachno,Lorette Fairey,2
76,Numida meleagris,33.4,Peggy Lander,Isak Guerrin,Joy Pitcaithley,4
100,Petaurus breviceps,91.1,Claudie Weatherup,Robyn Hearnah,Hobart Buscher,5
74,Varanus sp.,95.1,Kelci Felder,Con Gain,Astrid Jorissen,3
87,Chauna torquata,98.2,Gerda Corsham,Rona Kanter,Dun Sodeau,3
11,Antidorcas marsupialis,30.9,Myrlene Daykin,Pauline Polden,Appolonia Brotherhed,3
26,Chionis alba,75.6,Davie Bretton,Seline Mostin,Melany Kinlock,3
80,Ninox superciliaris,14.5,Marietta Weth,Tyler Gateshill,Clarissa Soane,4
54,Meleagris gallopavo,83.8,Bari Cutmere,Cointon Hearle,Josefina Lourenco,4
60,Mirounga leonina,87.5,Emerson Stollenberg,Rayna Llewhellin,Elihu Leishman,5
77,Ursus americanus,39.7,Kelcie Cushion,Rice Leeburne,Brina Sango,2
31,Ninox superciliaris,12.7,Laverna Campos,Amargo Danks,Verina Kenninghan,1
85,Tragelaphus strepsiceros,92.4,Maddie Longforth,Kacie Prine,Homere Chapelhow,3
33,Didelphis virginiana,45.2,Morgen Leagas,Winni Dorrins,Torin Squelch,4
56,Cygnus atratus,22.3,Hill Morden,Caitlin Stairs,Gannie Scanterbury,1
98,Deroptyus accipitrinus,69.9,Barbey Roblou,Vicki Pitcaithley,Duncan Leuty,2
17,Herpestes javanicus,66.7,Osbert Ferschke,Candy McKissack,Christiane Bulbeck,3
38,Corallus hortulanus cooki,93.0,Florance Hulmes,Gratia Bucknall,Adi Lorent,1
75,Bettongia penicillata,86.7,Casi Roddan,Shalom Skill,Gisela Anten,3
57,Psophia viridis,53.8,Vicki Filshin,Eric Chesley,Giavani Huban,1
40,Megaderma spasma,39.6,Rosaline Lynthal,Wilburt Whilder,Calhoun Peaurt,4
99,Colaptes campestroides,39.8,Gillie Silverwood,Christyna Huckerbe,Myrvyn Loveard,2
58,Egretta thula,98.7,Adrianna Maunton,Bret Wallhead,Anthe Allkins,5
19,Kobus defassa,44.1,Gauthier Chedzoy,Joela Sweetman,Reid Marris,2
87,Macropus agilis,38.3,Rich Fruchon,Mary Balshen,Farlay Ede,2
15,Gyps bengalensis,14.3,Dalila Hearnah,Fiorenze Fortman,Hyatt Ghione,1
82,Aonyx cinerea,92.5,Terrijo McIleen,Eleanore Stairmand,Linda Gummie,1
83,unavailable,87.0,Davy Riehm,Alano McGowing,Ansel Buttriss,2
9,Macropus parryi,4.3,Malinda Drayn,Vevay Billam,Egbert Gorges,2
92,Laniarius ferrugineus,16.5,May McLeary,Merrilee Machan,Rae Fidgin,3
37,Crotalus cerastes,75.0,Waylen Aps,Jobina Lowth,Joanna Lawtie,5
17,Francolinus coqui,91.6,Addy Scrogges,Agnese Bazeley,Kala Pavelka,5
47,Pseudocheirus peregrinus,91.6,Cammie Branno,Jacquie Sima,Shem Budnik,4
60,Bucorvus leadbeateri,19.7,Austen Jandak,Mel Benadette,Hanni Grzelczak,3
90,Varanus salvator,83.1,Aviva Linebarger,Brook McKimmie,Fayina Haydney,5
30,Limosa haemastica,5.2,Doloritas Yandell,Adaline Fink,Bayard McGann,3
3,Laniarius ferrugineus,8.6,Kendricks Hanna,Steward Davidesco,Stormi Sket,4
69,Colobus guerza,32.8,Nani Papworth,Libbi Feasey,Jaynell Common,4
62,Felis pardalis,55.2,Mahala Obeney,Lotty Cleaves,Gherardo Pocock,2
56,Mustela nigripes,74.0,Adriano Clynman,Bayard Baudi,Gill Beardmore,2
28,Myotis lucifugus,54.1,Marja Eddie,Skip Pirrie,Elonore Shakshaft,3
51,Ardea golieth,10.1,Janel Risbridger,Amelina Ranyell,Wilhelmina Clemonts,5
44,Neophron percnopterus,51.2,Aindrea Decaze,Kinna Kilpin,Roda Reidie,3
22,Haliaeetus leucocephalus,56.3,Candis Langmaid,Port Mead,Obidiah Arkley,1
38,Thalasseus maximus,98.8,Wilona Stainbridge,Lanny Eallis,Rudolph Escoffrey,4
87,Felis caracal,92.2,Trudie McCathay,Harriette Quernel,Gardner Binyon,3
74,Scolopax minor,46.1,Britteny Marikhin,Tremain Alliberton,Shanda Baudet,3
36,Plectopterus gambensis,8.7,Ethelyn Brideaux,Fleurette Kaas,Aaron De Anesy,4
69,Cracticus nigroagularis,83.5,Ann-marie Blasio,Brooke Habbijam,Bee Nowakowski,1
34,Varanus sp.,82.7,Emyle Chimenti,Glynn Blunkett,Fergus MacGillacolm,2
96,Melursus ursinus,62.7,Vale Ishchenko,Dukie Simonitto,Steffane Ivatts,5
41,Spermophilus richardsonii,79.8,Meagan Weiser,Joey Rudall,Shanon Pinnere,1
27,Balearica pavonina,3.4,Gussi Evitt,Carroll Sherburn,Stevy Mallaby,4
22,Bubo sp.,51.2,Bab Rushman,Mick Prozescky,Celinda Rankling,5
90,Alcelaphus buselaphus cokii,96.0,Leonid Ullett,Sal Jon,Arel Gauche,2
33,Felis silvestris lybica,58.4,Eugene Joe,Ryley Vanyushkin,Miller McCandie,2
3,Columba livia,41.5,Cordy Pritchard,Leoline Hartopp,Ciel McRory,2
13,Semnopithecus entellus,40.2,Prentiss Burgne,Kaila Miebes,Barnie Kellington,3
70,Larus fuliginosus,23.1,Penni Reddy,Coraline Trulock,Todd MacKain,3
49,Sagittarius serpentarius,41.8,Frederico Houlaghan,Donaugh Lunny,Conny Skains,2
49,Dipodomys deserti,48.0,Andeee Newall,Gearalt Sellors,Chauncey Castellan,1
95,Coendou prehensilis,68.4,Ronni Castellone,Katusha Macallam,Dunn Haller,4
51,Phalaropus fulicarius,69.7,Darrick Evison,Benedikta O'Hern,Andree Reddlesden,3
13,Tamiasciurus hudsonicus,24.4,Raymund Waldera,Stirling Hubbock,Zach Balshen,4
42,Ammospermophilus nelsoni,31.5,Lisabeth Chill,Verile Girone,Doralyn Stonhewer,3
34,Eremophila alpestris,49.6,Haywood Rose,Joanie Hanigan,Georgeanna Royse,5
28,Larus dominicanus,20.4,Petunia Wareing,Ynes Dmitrichenko,Jacqueline Brasier,3
62,Casmerodius albus,35.7,Leesa Ghirigori,Katti Leonards,Charlot Follen,1
73,Catharacta skua,44.1,Rochell Sked,Zelma Byne,Rhodie MacBey,5
96,Scolopax minor,24.8,Terri-jo Amphlett,Albertine MacDonald,Mercie Liveing,2
46,Lepus townsendii,30.3,Kean Brigham,Tawnya Tayt,Ray Bromage,3
26,Graspus graspus,41.7,Leena Schubert,Nadeen Beed,Laney Bradley,2
23,Caiman crocodilus,58.5,Clemens Brimmicombe,Nessie Skeleton,Pattin Wind,2
15,Physignathus cocincinus,97.8,Axe Woehler,Iolande Sherwyn,Marsh Filan,1
65,Cacatua tenuirostris,4.1,Linnet Grigg,Imojean Prine,Guilbert Kalisz,3
67,Acinynox jubatus,20.3,Jessy Pass,Ki Eschalotte,Jarad Boater,1
92,unavailable,82.7,Madelina Tee,Denver Lahive,Barny Archer,4
69,Trichoglossus haematodus moluccanus,11.6,Charla Coarser,Pasquale Weekley,Silvio Clarey,1
84,Eutamias minimus,10.5,Marve Facher,Webb Cussen,Amelia Urpeth,3
91,Aegypius tracheliotus,12.4,Heida Iannetti,Doretta Westgarth,Willie Gilardengo,2
92,Hystrix cristata,38.4,Eleanora Dooney,Clemmie Vuitton,Lucho Bremmell,5
52,Certotrichas paena,52.7,Trista Blanden,Helga Elliker,Elianore Bugler,3
19,Hymenolaimus malacorhynchus,21.8,Ash Feavyour,Giorgi Alps,Celene Welband,4
12,Macropus agilis,92.3,Daveen Pratton,Chadd Ledington,Elmore Bartolic,3
70,Centrocercus urophasianus,97.2,Carissa Pirrey,Farrel MacCrackan,Brigid Clamp,1
44,Uraeginthus angolensis,86.1,Ilse Reboulet,Arnuad Glanfield,Diarmid Medgewick,2
23,Lutra canadensis,58.3,Grissel Tomashov,Ulises Fellis,Keene McGeown,2
24,Geochelone radiata,63.3,Thorvald Geaney,Aloise Oggers,Andie Pafford,1
79,Mabuya spilogaster,80.7,Fabio Klassman,Ethelind Byatt,Emma Clyde,5
57,Acanthaster planci,19.8,Cathi Dallan,Merrill Banfield,Devin Beyer,4
89,Uraeginthus granatina,82.5,Rriocard Hobbema,Sherilyn Cassy,Lotti Crowdy,4
77,Lophoaetus occipitalis,86.0,Maddie McCaster,Caritta Gildersleaves,Eleanore Pursey,3
30,Lutra canadensis,16.9,Kristoffer Cominoli,Talbot Ovell,Leonie Goding,5
42,Cordylus giganteus,53.5,Mylo Gateshill,Dorri Ilchenko,Robinett Salling,4
83,Ara ararauna,18.2,Sophi July,Agna Bercevelo,Amargo Gabala,2
58,Chlidonias leucopterus,27.7,Faith Van der Velden,Barnaby Morden,Zola Peetermann,5
32,Lorythaixoides concolor,26.7,Natalie Hamerton,Cherianne Tombleson,Netta Jansens,2
62,Terathopius ecaudatus,23.6,Daphna Geraldez,Larissa Stuck,Noni Whiffin,2
28,Eurocephalus anguitimens,45.3,Sidoney Jeffs,Ariela Joffe,Chaim Ciobotaro,1
56,Cervus duvauceli,89.0,Kasper Philpotts,Emery Colegate,Roselin Wilkerson,5
23,Dasyprocta leporina,92.1,Montgomery Doumerque,Iver Woolward,Terri Etheridge,1
92,Trachyphonus vaillantii,47.0,Elysha Littlemore,Sibby Le Estut,Ophelia Aaron,1
2,Phascogale calura,15.2,Lock Zealander,Joelie Whyler,Katti Antonijevic,5
85,Cygnus atratus,28.9,Rochester Ferrulli,Viviyan Provis,Bette-ann Hutchcraft,5
10,Psophia viridis,69.3,Pasquale Habden,Desiree Reddy,Angeli Westbrook,1
78,Oreamnos americanus,37.3,Olly Geeraert,Camile Pumfrett,Kristos Stidston,5
34,Chlidonias leucopterus,83.1,Modestia Persitt,Janene Bastard,Gae McCurlye,3
71,Ctenophorus ornatus,93.7,Tildie McCosker,Clarance McReynold,Stacia Andrin,3
16,Priodontes maximus,70.0,Lorne Stoves,Mathias Scamaden,Shell Boldt,3
85,Acrobates pygmaeus,64.4,Sophia Mee,Luci Hymans,Carlota Greengrass,5
49,Chloephaga melanoptera,94.4,Celinka Fieller,Wilhelm Thick,Edsel Aggas,3
41,Terathopius ecaudatus,45.2,Jacquenette Calloway,Mikol Zavattari,Frasco Drakeford,2
39,Butorides striatus,40.0,Benji Broxap,Stu Labin,Yulma Durie,1
1,Dicrostonyx groenlandicus,23.0,Maximilian Paternoster,Adelheid Pierrepoint,Jarrad Slaten,4
43,Spermophilus lateralis,89.2,Torrence Tyndall,Norah Carmichael,Graham Brandsma,3
2,Bubalornis niger,91.2,Effie Fountain,Tessy Lotze,Cynthy Dugmore,5
40,Spermophilus armatus,64.7,Roscoe Sherlock,Francesco Ordelt,Duane Baud,5
24,Gyps fulvus,9.0,Bert Elie,Rodrick Ragge,Stoddard Foulks,2
72,Gekko gecko,45.0,Jonathan Steeples,Joni Aspy,Bennie Izatson,3
65,Mycteria ibis,6.1,Torrance Carleman,Forest Guisler,Skippy Pinnegar,1
21,Felis pardalis,4.5,Ernest Goodlife,Lee Gentric,Bernie Tezure,2
57,Chelodina longicollis,41.0,Laetitia Keuntje,Adolphus Sifflett,Justus Sandifer,5
100,Amphibolurus barbatus,46.3,Eula Nash,Kristopher Lattey,Tedi Dowsing,4
77,Ovis orientalis,78.2,Marget Kubica,Rosalinde Galton,Clarence Ephgrave,4
78,Pseudoleistes virescens,22.4,Luis D'orsay,Elly Paradyce,Haskel De Normanville,3
78,Cygnus buccinator,99.3,Den Morigan,Reinald Renak,Imojean Chorlton,2
21,Paraxerus cepapi,62.3,Buiron Couve,Maryann Busswell,Tandie Rzehorz,1
13,Ovibos moschatus,51.2,Sybila Brand,Niall Schubbert,Cloris Pears,4
51,Francolinus leucoscepus,70.2,April Skingle,Lorrin Hadenton,Markus Hofner,2
79,Alcelaphus buselaphus cokii,68.1,Corey Olphert,Lukas Barltrop,Timothea Frie,3
64,Panthera leo persica,80.8,Tynan Gilchrest,Dwayne Dahlman,Elbertine Petkens,3
48,Platalea leucordia,9.1,Anallese Melonby,Stanfield Ratledge,Maurice Raffeorty,5
52,Tenrec ecaudatus,89.2,Madonna Jaram,Avis Hughes,Franni Torbet,2
45,Phascogale calura,79.7,Bartie Henricsson,Reggy Raubenheim,Vlad Callander,2
62,Junonia genoveua,79.8,Reuben Husby,Addison Gerold,Giralda Heffernan,4
98,Bettongia penicillata,62.0,Hammad O'Cuddie,Nicolais Gaitskell,Laney Bidgod,3
27,Callipepla gambelii,22.3,Harrietta Demaid,Lelah Cathel,Oriana Attwill,4
21,Ursus americanus,23.5,Lilias Shawyer,Cherilynn Woan,Toddie Wincott,5
9,Francolinus leucoscepus,34.9,Godfrey Jarville,Dannie Alliban,Averil Meaking,4
18,Alcelaphus buselaphus cokii,12.4,Elianora Harcus,Denna Lowres,Ripley Purves,4
17,Sylvilagus floridanus,28.7,Tadio Standingford,Edlin Harpin,Livy McElwee,2
9,Neotis denhami,45.2,Sigrid Speed,Drusi Olanda,Ailey Punyer,3
61,Chlidonias leucopterus,30.9,Kris Dumbelton,Janela McNirlin,Nikola Hebbron,3
50,Spheniscus magellanicus,99.5,Lilas Goodreid,Richmound Uglow,Sylvia Liddle,3
69,Castor canadensis,96.4,Nikolaos Lowndesbrough,Angele Goldsmith,Phip Nevison,4
28,Libellula quadrimaculata,85.9,Barn Clemon,Eveleen Gummow,Melessa Ganter,3
19,Ammospermophilus nelsoni,78.1,Natty Coll,Binky Tootal,Sander Domenichelli,1
8,Balearica pavonina,46.4,Inglis McCrainor,Lebbie Spall,Jenifer Lomath,5
26,unavailable,82.0,Ursola McGrey,Ara Kowalik,Helga Trodler,5
53,Chauna torquata,31.1,Margot Slyman,Carma Shemmans,Christel Gorstidge,1
59,Pelecanus conspicillatus,9.0,Darcy Duker,Johan Millar,Allx Bastow,3
47,Ovis dalli stonei,10.8,Donnajean Laverty,Frannie Connachan,Lyn Goering,1
53,Macropus giganteus,58.6,Sigvard Hillum,Art Bucky,Bartholemy Gaiter,5
30,Lama glama,64.4,Dirk Stock,Benedicta Jacobovitch,Robinett Peckham,1
76,Phascogale calura,57.4,Issy Courvert,Korella Attiwill,Tracey Toffoloni,1
10,Anser caerulescens,42.0,Correy Band,Thorpe Carillo,Nikolai Shilladay,4
30,Raphicerus campestris,16.9,Prissie Heugh,Helenelizabeth Ferries,Skipper Start,2
12,Pitangus sulphuratus,60.1,Barbra Ellingworth,Mikel Grayson,Laird Ruppert,2
86,Axis axis,77.0,Min Childerhouse,Karlie Hopkynson,Mattias Everitt,1
11,Boselaphus tragocamelus,54.7,Sheridan Roberts,Berty Mitten,Ambrose Allnutt,3
56,Boa constrictor mexicana,70.1,Karlotte Danshin,Odelinda Boddington,Clementia Stollmeier,3
64,Bettongia penicillata,66.7,Pennie Legate,Clari Tolotti,Rip Roalfe,4
47,Columba livia,81.9,Tad Boycott,Rollie Puttrell,Cornela Basil,3
1,Melophus lathami,89.8,Saudra Whetnell,Tabbie Mc Elory,Alica Upshall,1
88,Bucephala clangula,2.7,Lew Penticost,Martguerita Schenkel,Jeremy Weatherall,1
32,Echimys chrysurus,55.3,Gustavo Preece,Maire Duligall,Henderson Kimmerling,2
47,Tamandua tetradactyla,45.8,Luke Oswal,Kyle Stanlike,Johanna Cestard,2
38,Struthio camelus,20.6,Michal Zanotti,Sullivan Prest,Happy Pipet,4
5,Bos taurus,58.9,Jard Michael,Patton Delmage,Pearline Brouard,1
71,Vulpes vulpes,32.8,Gerhardine Selley,Evvy Grieger,Ferrell Dallan,4
12,Macaca radiata,31.8,Sasha Bradden,Horacio Cowcha,Lucina Blankenship,1
93,Calyptorhynchus magnificus,70.2,Kerrin Beekmann,Jabez Hacket,Kelcey Bartalin,1
82,unavailable,7.3,Garrek Giacopazzi,Lorrayne Scutcheon,Pattie Satteford,3
4,Cracticus nigroagularis,15.2,Lynsey Cobleigh,Arther Cattini,Arnie Paroni,3
62,Tockus erythrorhyncus,65.7,Farrell Thurske,Gherardo Maggs,Yevette Meach,5
2,Zonotrichia capensis,64.6,Janella Dugmore,Candy Trytsman,Miller Steketee,4
95,Manouria emys,42.9,Bren Leopard,Leone Axelbee,Salli Lemerie,3
4,Nasua nasua,82.8,Dorthy Dublin,Darby Smoote,Idalia Cockran,5
65,Castor fiber,52.3,Tabby Bednell,Walsh Scrymgeour,Chaddie Faulkes,5
12,Pteronura brasiliensis,23.6,Anders Corballis,Alley Carman,Pet Snowman,3
7,Hystrix indica,60.5,Gayle Zanutti,Roderigo Adds,Germain Rodolphe,2
100,Ramphastos tucanus,18.1,Konstanze Holligan,Hedda Alderton,Kaylyn Bonder,4
98,Vulpes chama,79.9,Evyn Girardy,Louisa Shingler,Alexi Bradberry,1
63,Spermophilus tridecemlineatus,54.6,Bran Longhi,Stella Loton,Bev Strafford,1
7,Felis concolor,6.3,Patric Radleigh,Archibald Dawkins,Noni Comber,2
32,Anastomus oscitans,42.5,Walker Udell,Eugenius Barnhill,Gracie Fundell,4
91,Castor canadensis,25.5,Isiahi Meller,Sterling Harle,Lowell Testo,1
55,Equus burchelli,44.7,Ollie Sudy,Chryste Dutton,Jarrett Tilte,1
49,Uraeginthus granatina,41.7,Broderick Lacky,Olenka Barehead,Tanner Aubury,4
37,Redunca redunca,20.5,Shaylah Gislebert,Kerrill Dickings,Cairistiona Pizzey,1
56,Capreolus capreolus,91.8,Keely Aulton,Sharona Frayne,Barbette Shank,4
56,Bison bison,33.5,Ephrayim Levis,Corbet Haxell,Noe Sheekey,2
64,Colobus guerza,85.9,Kimberli Firmager,Ricard Jagg,Merwyn Beauvais,1
11,Gabianus pacificus,37.8,Oren Battaille,Gail Lupson,Gaby Zuker,2
21,Limosa haemastica,46.4,Gayle MacKissack,Broderick Krysztowczyk,Kikelia Isenor,2
39,Creagrus furcatus,18.2,Lane Guilliatt,Annadiana Willbourne,Ignace Ingon,2
85,Castor fiber,43.3,Al Bowcock,Mathilda Filyakov,Zach Bamling,5
73,Sylvilagus floridanus,97.5,Sheffie MacKean,Rand Sturman,Kareem Tew,4
63,Chionis alba,72.1,Devland West-Frimley,Somerset Glossop,Obed Killich,2
3,Eumetopias jubatus,35.5,Gregory Dearn,Cristobal Smartman,Arther Barnewall,4
12,Delphinus delphis,21.3,Heda Mignot,Johan Plaister,Raeann Gadesby,1
79,Rhea americana,51.7,Abbott Frissell,Elijah Delia,Sheila Marusik,2
6,Lamprotornis nitens,83.6,Ollie Cheverell,Alysa Kreuzer,Janos Newgrosh,5
26,Echimys chrysurus,84.0,Blaire Riguard,Conchita Zamora,Josselyn Kleinplatz,3
48,Geochelone radiata,93.7,Dona Blackbourn,Violette Skedgell,Sebastiano Glastonbury,1
73,Spermophilus richardsonii,55.5,Dolores Eddoes,Dona Du Hamel,Heywood Agostini,1
10,Milvus migrans,38.6,Anny Bettinson,Jade Ughini,Ninnetta Sugden,1
24,Semnopithecus entellus,38.5,Hilary Stollen,Matty Gores,Minetta Duthy,5
18,Oreamnos americanus,77.1,Cris Le-Good,Nikolaos Targett,Ira Bucktharp,5
11,Echimys chrysurus,5.0,Arlen Rothon,Lucius Wakelam,Barnebas Whitehead,5
17,Milvago chimachima,60.6,Eberto Sacaze,Giacinta Dacks,Amble Zambonini,4
52,Spermophilus armatus,18.1,Franny Acton,Glad Frigot,Neile Goodfellowe,2
44,Anhinga rufa,40.0,Karlyn Snadden,Carlie Turnor,Sven Reyna,2
63,Suricata suricatta,69.9,Andrea Oldroyd,Amity Laydel,Omar Pirouet,3
25,Rana sp.,60.5,Alene Mulford,Junia Wolfenden,Kristin Grigoryov,4
43,Coluber constrictor,19.6,Marney Linge,Jandy Boddy,Vanya Brandassi,2
62,Streptopelia senegalensis,7.3,Sven Kedward,Waly Dudden,Johny Glew,1
70,Ciconia episcopus,45.3,Bethanne Chorley,Aura Choat,Dulcea Wrightam,1
80,Tauraco porphyrelophus,36.1,Janos Fisby,Harland Crosthwaite,Barton Romera,2
70,Climacteris melanura,63.6,Saudra Cruft,Tara Grafhom,Thor Gerriets,1
61,Caiman crocodilus,4.2,Angel Broadfoot,Toma Cheley,Godfry Basten,2
82,Chloephaga melanoptera,98.9,Rosella Seabrooke,Caterina de Mendoza,Avram Richfield,3
3,Tursiops truncatus,47.2,Phineas Hazard,Ardyce Geach,Lavena Guynemer,4
96,Myiarchus tuberculifer,20.1,Eduino Marvin,Zolly Liebrecht,Briana Shirt,4
3,Oryx gazella,56.6,Geordie Dunwoody,Oren Bloss,Adolphe Ecclestone,5
82,Limosa haemastica,94.9,Sandie Blue,Creigh Johansen,Padriac McKerley,5
60,Merops bullockoides,2.1,Ailina Jepperson,Christal Shakspeare,Henderson Ropert,5
57,Ammospermophilus nelsoni,74.6,Rosette Castiglio,Tammy Kenworth,Dorelia Lamperd,3
95,Canis mesomelas,57.4,Ranice Cheake,Fabian Deeks,Pat Foukx,3
32,Terathopius ecaudatus,50.9,Brod Stirrup,Vania Fussie,Iorgo Jordine,1
96,Haliaeetus leucoryphus,70.3,Donny Tolhurst,Juan Yearby,Alaric Schild,3
64,Chauna torquata,94.8,Lotty Tanman,Ola Scobie,Barb Zanetello,5
32,Odocoilenaus virginianus,76.0,Farley De Paepe,Pammi Ronci,Zacharias Gollard,2
80,Isoodon obesulus,27.9,Lindon Stepto,Melanie Longstreeth,Laverne Bourdel,1
55,Gyps fulvus,8.1,Oby Amdohr,Christan Micklewicz,Carlie Sawney,3
25,Giraffe camelopardalis,7.7,Ameline Khalid,Ginevra Oxer,Iolanthe Dable,3
35,Spermophilus lateralis,39.2,Harli Farthin,Justinian Landers,Ansell Treneman,5
83,Motacilla aguimp,44.8,Giacomo Schankel,Blakeley Kobiela,Cyb Cootes,2
36,Cordylus giganteus,85.8,Wenonah Brislawn,Bordy MacParland,Boote Hurley,3
33,Crotalus adamanteus,31.1,Welsh Frenzl,Selie Jeandon,Sarina Klaffs,1
63,Uraeginthus granatina,3.7,Aleece Densell,Stevena Zorzetti,Garner Snalham,5
95,Ceratotherium simum,58.4,Briano Pere,Federica Driscoll,Claybourne Satyford,4
79,Chlidonias leucopterus,34.0,Chicky Sporle,Lewie Rama,Ilyssa Dawkes,4
1,Trichoglossus chlorolepidotus,57.3,Gertie Ragate,Meredithe Bompas,Montague Minghi,4
83,Sarkidornis melanotos,99.5,Araldo Fould,Brandyn Everwin,Anjela Oldnall,4
10,Acanthaster planci,39.3,Adolphus Doghartie,Ashlie De Paoli,Jud Bruntje,2
4,Macropus eugenii,31.1,Pavel Mingardo,Clarance O'Hare,Kennie Rieger,1
41,Butorides striatus,65.9,Juli Kimblin,Sharl Chellingworth,Jacquenetta Giraudy,4
61,Eolophus roseicapillus,33.6,Kordula Puckrin,Murvyn Ickov,Darius Breem,4
29,Zalophus californicus,1.5,Codie Lyte,Francyne Tutchener,Ardelle Congreve,5
79,Ara ararauna,94.6,Burlie Di Iorio,Rafaelia Jagoe,Gaile Brundall,4
6,Hyaena brunnea,69.0,Obadias Vaulkhard,Fianna Coverdill,Reggie Leftwich,3
51,Eumetopias jubatus,34.2,Petronilla Marishenko,Templeton Croucher,Julianna Stow,3
14,Zonotrichia capensis,84.9,Peirce Turbitt,Mable Romushkin,Kittie Francey,4
38,Coluber constrictor foxii,10.6,Josselyn Maynell,Hally Luciani,Faunie Maund,3
8,Pavo cristatus,95.9,Carlee Maulin,Jaymee MacLardie,Jan Challice,2
14,Caiman crocodilus,1.2,Laurens Ivic,Shellie Pohls,Gussi Moniker,1
21,Diceros bicornis,84.3,Ingaborg Drummer,Denys Dunmore,Galven Claiton,1
12,Aonyx cinerea,39.1,Leyla Whitelaw,Naomi Dumbrell,Zaccaria Cliffe,2
61,Butorides striatus,83.7,Bertie Cancellario,Gaspar Holcroft,Meta Conti,2
41,Falco peregrinus,85.5,Esme Samme,Poppy Dowdney,Ingrim Minger,5
12,Vulpes chama,68.3,Casper Donnel,Gussie Brewis,Madlen Southwick,1
85,Deroptyus accipitrinus,4.8,Babita Langlands,Jeremy Croyser,Maureen Gurdon,4
84,Cacatua tenuirostris,19.8,Tades Mateiko,Pernell Daniells,Nessi Rocco,4
77,Tamiasciurus hudsonicus,89.1,Thorin Moneti,Atlante Zimmermanns,Gianna Kaufman,1
38,Alopex lagopus,73.0,Olav McKeating,Roz Platt,Ardath Sherland,3
16,Otaria flavescens,32.6,Zebulen Tredinnick,Candra Mingardo,Elsbeth Clemits,4
58,Gyps bengalensis,74.3,Dall MacCrachen,Cal Odger,Marcela Renon,3
35,Francolinus coqui,27.7,Timi Knellen,Carlee Gill,Renee Rhucroft,2
20,Felis wiedi or Leopardus weidi,93.4,Barbara-anne McArd,Wilmer Iacobassi,Lief Ferfulle,1
27,Chlidonias leucopterus,48.7,Ricky Thunderman,Bradley Betham,Zena Itter,2
90,Felis wiedi or Leopardus weidi,90.9,Fin Samsin,Giuditta Jirasek,Cirstoforo Helwig,3
41,Dendrohyrax brucel,42.7,Aridatha Calleja,Emelyne Sinclar,Kerrin Krzyzowski,3
26,Ursus arctos,1.7,Tony Dorricott,Tova Fulmen,Minna Amesbury,1
13,Ourebia ourebi,31.7,Freeland Coot,Miller Doby,Gale Ricca,5
71,Corvus brachyrhynchos,27.6,Samuele Schnieder,Wini Mettricke,Ave Maxwale,4
8,Junonia genoveua,1.4,Kent Yeardley,Cyndy Janning,Coriss Lawrinson,5
51,Felis caracal,48.9,Gualterio Leaves,Gerri McCafferky,Paulette McNally,2
10,Paraxerus cepapi,91.7,Curcio Greggs,Ines Basezzi,Juliann Leafe,5
19,Corvus albus,15.9,Moses Elwell,Yancy Vasyutin,Morry Plinck,4
26,Paraxerus cepapi,33.3,Don Rumgay,Kaye Fergusson,Pate Filyaev,5
82,Oryx gazella,54.7,Gael Aslum,Elwood Lovekin,Adelice McCart,2
90,Acridotheres tristis,42.8,Coriss Gettins,Yasmin Roach,Laurena Askew,5
2,Crotaphytus collaris,48.8,Georg Hansill,Kathleen Hartle,Clint Dibbe,3
68,Nasua nasua,55.6,Paige Piffe,Arlette Guyers,Elroy Garton,3
57,Equus hemionus,86.1,Sunny Eliassen,Meyer Wyvill,Willie Pyser,4
1,Bubulcus ibis,50.6,Nils Ferrolli,Erie Wayland,Fernando Saundercock,1
25,Felis chaus,77.2,Bradney Addionisio,Cinnamon Petrozzi,Celinka Thecham,1
57,Macaca radiata,95.1,Cariotta Pearcy,Sonja Gellion,Lian Manion,3
85,Castor canadensis,61.7,Rozalin Dowey,Berkie Ryle,Simmonds Flear,1
7,Alligator mississippiensis,38.5,Isidoro Hutson,Anastasie Budden,Mona Glennon,4
16,Acrantophis madagascariensis,55.6,Isabella Binestead,Siouxie Ayre,Shaun Brownsill,3
98,Mycteria ibis,29.8,Bron Mateja,Shadow Lardnar,Donal Warin,4
35,Corvus brachyrhynchos,81.9,Halli Walkling,Cornell Oldridge,Dehlia Craighall,3
57,Phoca vitulina,40.8,Annalise Sloley,Bartholomeo Ormiston,Quint Bohl,4
92,Kobus defassa,62.0,Deeyn Coller,Homere Cron,Odilia De Vaux,4
92,Panthera leo persica,54.5,Pamella Wreford,Maryanne Castles,Chandler Cristofalo,4
82,Agkistrodon piscivorus,78.3,Brook Impleton,Cord Britcher,Chauncey Tansill,4
21,Numida meleagris,95.9,Kerrie Bamb,Koralle Prisley,Alanna Breffitt,3
54,Numida meleagris,84.1,Obadiah Sedgwick,Angus Felgate,Rozele Petteford,4
34,Choriotis kori,33.1,Windy Cotelard,Bianca Lamshead,Aveline Le Fleming,4
72,Pteronura brasiliensis,3.8,Dina Johanchon,Abrahan Bygraves,Kori Holtom,1
90,Proteles cristatus,12.7,Sunshine Broderick,Kalle Paulat,Anitra McTavish,1
11,Microcebus murinus,50.1,Elberta Munn,Cole Stuchbery,Tarrah Niessen,5
15,Struthio camelus,92.3,Sabrina Ivins,Sacha Rumin,Mordy Kiloh,3
19,Macropus agilis,98.6,Faith De Morena,Rex Eskrigge,Michelina MacAughtrie,2
17,Ursus maritimus,81.4,Hilarius Hugonin,Clarissa Zellmer,Verine Brookfield,1
55,Sciurus niger,86.0,Dynah Fleming,Rafael Boustead,Clarinda Fenwick,1
53,Acrantophis madagascariensis,100.0,Zach Wastling,Eileen Retchless,Eduino Weldrick,2
94,unavailable,11.5,Rodrick Chapelhow,Sherrie Tant,Michail MacGinney,2
4,Cebus nigrivittatus,28.2,Sonia Cutill,Wally Belsham,Irena Kiffin,3
40,Colobus guerza,40.8,Ilario Hubery,Kori Remer,Dasha Rozzier,5
16,Felis caracal,89.2,Anestassia Saunder,Alvin Hadny,Mario Vondrasek,1
44,Axis axis,43.5,Andrus Jovasevic,Gerri Ching,Michele Beller,5
27,Grus canadensis,94.4,Pavlov Blowes,Kippie Coldbreath,Dylan Truett,3
89,Papio cynocephalus,4.4,Lyda Messier,Jessa Stanford,Kendrick Maslin,3
46,Macropus rufogriseus,98.9,Alleyn Escalera,Olivie Lillecrap,Gare Maffucci,5
36,Vulpes cinereoargenteus,40.2,Corrie Norton,Cindy Harmar,Stinky Thebe,4
62,Marmota flaviventris,99.9,Clementia Saunier,Cynthea Rudeforth,Ewan Partner,5
73,Choriotis kori,10.4,Jackelyn Sall,Meade Windows,Basile Napier,2
14,Lycaon pictus,19.6,Roana Dunsire,Cyrille Gladman,Sayre Sivyer,4
3,Actophilornis africanus,62.5,James Simonard,Patrizio Spinney,Padraig Stampe,2
60,Potos flavus,48.4,Patty Tampen,Charisse Dryden,Johnath Massingham,1
26,Pan troglodytes,91.2,Hartwell Eivers,Husain Greenough,Elroy Demer,5
90,Otaria flavescens,76.1,Drusi Nazareth,Andy Dikels,Abbe Dunbobin,3
56,Milvus migrans,27.3,Issy Nicely,Filippa Jossel,Dun Coldham,3
75,Ovibos moschatus,77.4,Claudian Mongenot,Willetta Cordingley,Rosina Murfin,3
66,Cercatetus concinnus,14.1,Blithe Roalfe,Dyane Umbert,Wilma Filipyev,5
14,Spheniscus mendiculus,4.7,Nevile Billingsley,Stace Becerro,Gareth Kenwrick,4
79,Papio cynocephalus,78.0,Johnna Boner,Amble Jeffryes,Steffi Crighten,2
38,Papio cynocephalus,73.5,Georgy Sheircliffe,Glori Tewkesbury.,Marjorie McLean,2
62,Gazella thompsonii,33.5,Elfreda Kilbourne,Charmion Thirwell,Gusty McKinna,4
65,Chordeiles minor,19.3,Gordon Verrall,Paloma Pidgeley,Stephanie Hefferan,2
51,Cacatua tenuirostris,9.3,Gael Troak,Kore Workes,Shae Gonsalvo,3
21,Bison bison,91.0,Rochelle Willstrop,Sebastien Raper,Krissie Desouza,4
95,Drymarchon corias couperi,46.8,Lorilyn Renak,Cathy Dennis,Terencio Beldum,3
37,Procyon lotor,80.8,Karly Mouat,Deena Steel,Yetta Grassick,5
86,Diceros bicornis,6.2,Carena Vedeneev,Fran Parlot,Nat Flaherty,4
49,Ramphastos tucanus,93.3,Ransom Rickwood,Keeley Waldock,Catina Milton-White,3
74,Helogale undulata,78.4,Kym Lempertz,Bogart Walsh,Chelsey Fellowes,5
72,Hystrix cristata,69.1,Darbee Calbrathe,Christoffer Shackesby,Morgen Humble,1
65,Dromaeus novaehollandiae,80.6,Austina Boorman,Staford Arkell,Ninnetta Szymanowski,4
49,Tringa glareola,83.7,Jeane Stancer,Dennison Barhems,Willyt Garrettson,2
42,Eurocephalus anguitimens,79.4,Haywood Roggerone,Beth Porte,Cinnamon Easthope,4
47,unavailable,46.3,Analise Butchard,Elyse Volk,Kelcie Hue,2
15,unavailable,16.9,Codie Honnan,Charmaine Anthonsen,Sheelagh Kix,4
28,Gyps bengalensis,85.0,Cherilynn Stannard,Isac Colles,Thurston Davidov,2
64,Sarkidornis melanotos,84.5,Chelsy Gawler,Luci Heathcote,Paola Ryley,3
94,Oncorhynchus nerka,45.8,Thorpe McDonald,Jodie Champley,Avie Probets,1
21,Nasua nasua,93.2,Casi Biddles,Ethan Lace,Doe Vearncomb,4
23,Myrmecobius fasciatus,61.8,Bat Dunkley,Toma Silvester,Aldin Llorens,4
74,Gazella thompsonii,30.0,Netti Bakey,Rutherford Filipyev,Halsey Huckle,2
85,Mycteria ibis,26.5,Barry Rossant,Clemence Mouan,Aylmer Leaman,4
59,Macropus agilis,96.3,Ringo Peek,Zahara Golds,Adams Ceely,1
72,Marmota flaviventris,22.9,Caralie Maevela,Lib Winmill,Kean McElwee,1
8,Bubalus arnee,57.7,Constantine Figger,Rusty Gebbe,Fabian Moules,5
17,Neotis denhami,32.9,Aaren Charpin,Rena Humbert,Kristy Yearnes,3
37,Galictis vittata,20.9,Trev Danilenko,Barbey Middell,Randall Ewols,4
24,Phylurus milli,45.4,Lorie Winsborrow,Frederica Starmore,Becka Mulvihill,5
99,Psophia viridis,49.9,Roanna Moffet,Patten McGinney,Ashbey Rummer,2
8,Ovis canadensis,45.1,Reilly Catlette,Yuma Mullis,Judith Vase,3
26,Vulpes chama,14.8,Amil Petyt,Kare Penhalurick,Karoly Skipton,3
56,Buteo galapagoensis,75.5,Rosalinde Moizer,Anabel Hollingby,Misti Coarser,3
69,Vulpes vulpes,18.4,Zuzana Kermode,Melitta Cabera,Tallie Allanby,3
69,Ephippiorhynchus mycteria,69.4,Phil Whichelow,Monique Lindenblatt,Kelila Claringbold,4
30,Macropus robustus,60.1,Arda Jagiela,Julienne Tilston,Neale Barbisch,2
30,Laniaurius atrococcineus,3.5,Betta Toman,Eudora Reveland,Martynne Francomb,1
83,Pan troglodytes,51.6,Alie Day,Mozelle Louden,Denna Cormack,5
56,Manouria emys,86.5,Mord Rhucroft,Augustine Malcher,Filip Parry,3
97,Acridotheres tristis,17.2,Neilla Denzilow,Michele Tidcombe,Aggy Tappor,2
90,Stercorarius longicausus,16.6,Bailie Lishman,Carolan Fortesquieu,Uriel Matten,3
62,Sula dactylatra,31.1,Roseline Mangin,Brandise Marnes,Phillipp Ivanuschka,1
54,Cereopsis novaehollandiae,84.7,Sonya Dennistoun,Robinet Blackborne,Olivia Colman,2
67,Francolinus swainsonii,27.6,Esra Stutte,Kally Issatt,Mile Lerven,1
13,Ratufa indica,20.4,Britteny Normavill,Pen Badrick,Patti Lukock,5
90,Felis concolor,34.2,Marnia Wiggall,Aube Sleep,Tris Bastiman,1
40,Neophron percnopterus,7.8,Torey Espinheira,Creight Shirtliff,Abby Scneider,2
98,Ephippiorhynchus mycteria,32.2,Pris Vlies,Adara Binner,Barrett Aleksashin,1
34,Mirounga angustirostris,38.5,Leontine Eastcourt,Maitilde Matthewson,Lars Loving,3
84,Dasyurus maculatus,48.4,Dannel Hannen,Cynde Jovic,Jarvis Ambrosini,2
22,Castor canadensis,12.2,Darcie Gerwood,Mark Vallerine,Wash Hordle,3
16,Papio cynocephalus,10.3,Petronella Rottgers,Colly Sunock,Faulkner Collihole,3
97,Psittacula krameri,2.8,Jaclin Klass,Jerrome Kienlein,Karola Ghirardi,3
3,Pycnonotus barbatus,51.0,Renaldo Winfred,Harwilll Silverson,Danny McConachie,1
38,Dipodomys deserti,10.9,Yetty Jakoubek,Constance Scyner,Marven De Moreno,1
41,Corvus albicollis,76.7,Tedda Beckles,Margit Agronski,Babbie Mandres,3
2,Callipepla gambelii,27.6,Biron Bartolomucci,Dory Seeger,Janey Pottage,5
24,Trichoglossus chlorolepidotus,98.1,Justinn Yosevitz,Phoebe Causton,Lindie Ors,5
53,Ciconia ciconia,43.2,Hanan Rysom,Appolonia Kovnot,Nanine Gravenall,1
58,Branta canadensis,72.7,Brian Doiley,Arvie Crann,Guillemette Willgoss,2
55,Corvus brachyrhynchos,44.0,Tammi Cocozza,Kerk Saltmarshe,Simone Gilderoy,1
64,Phoca vitulina,56.4,Hope Hotchkin,Binky Dislee,Maurita Bolsteridge,5
59,Coluber constrictor foxii,25.3,Neila Warry,Mario Perfili,Allard Winkell,1
25,Bison bison,31.0,Chalmers Reymers,Tova Wollard,Wallache Jankovsky,4
64,Varanus sp.,24.9,Prudy Bogart,Skipp Eldritt,Kerstin Genike,4
5,Macropus rufus,86.6,Mab Manshaw,Antonina Brownsea,Garvin Lesley,3
57,Procyon cancrivorus,26.4,Emery Biddles,Denise Gallegos,Cassy Yoxall,4
99,Phascogale tapoatafa,48.5,Mackenzie Laing,Randell Aps,Barton Northedge,2
17,Snycerus caffer,83.7,Beaufort Ranby,Lotta Bodiam,Jolie Simenon,2
40,Ammospermophilus nelsoni,59.6,Lindon Odom,Llywellyn Bedding,Stephani Archbald,3
70,Ephippiorhynchus mycteria,99.9,Merrel Heimann,Kalinda Pudsey,Shane Inns,2
22,Cracticus nigroagularis,8.2,Stanley Twallin,Lira McCrudden,Alie Okell,3
84,Mephitis mephitis,9.4,Katti Futcher,Wrennie Hatherall,Mose Clarey,3
74,Helogale undulata,47.4,Jeffrey Cornils,Teodora Penreth,Regine Hearon,4
15,Vulpes vulpes,54.8,Erin Gonin,Theo Beardshall,Micki Ephson,3
6,Rhea americana,92.3,Cally Landeg,Cyril Henstone,Smith Roth,2
26,Speothos vanaticus,13.3,Halley Grimsdike,Zed Espina,Wandie Agass,3
97,Lamprotornis chalybaeus,66.5,Dana Dingate,Brigham Hatfull,Hymie McIlenna,1
9,Gyps bengalensis,46.4,Jason Tipperton,Daffi Cicerone,Lorrayne Thomassin,1
73,Alligator mississippiensis,71.6,Marcile Mengo,Emeline Penney,Zorine Salzberger,3
13,Felis libyca,98.3,Riane Georgius,Olimpia Shakesby,Veriee Titchener,1
6,Cercatetus concinnus,24.2,Greer Chateau,Caryn Skym,Harv Beckinsale,4
73,Aonyx capensis,26.9,Dougy Staddart,Charleen Imesson,Nerita Herreros,5
19,Phasianus colchicus,65.7,Welch Reina,Michelina Agge,Garold Pavier,1
98,Terrapene carolina,34.2,Kari Penni,Ervin Scurman,Joice Marchello,4
3,Lamprotornis superbus,33.1,Wiley Loveday,Fred Leopard,Eugine Diggin,5
24,Bubalornis niger,44.1,Danit Weymouth,Jorie Simoes,Cherye MacGibbon,3
12,Cygnus atratus,60.3,Gasparo Galgey,Artus Southway,Darbee Covely,5
85,Cebus nigrivittatus,27.2,Rafaello Rentcome,Doy Hurcombe,Anya Stanaway,2
62,Sarkidornis melanotos,62.9,Page Lampbrecht,Jaquith Palley,Deedee Marchington,5
84,Creagrus furcatus,41.9,Vania Proudley,Jeramie Gretton,Phillip Gwatkin,5
13,Hystrix cristata,1.9,Stormie Froude,Hinda Darter,Lavinia Le Fevre,3
56,Gymnorhina tibicen,5.1,Kimberlee Slaten,Therine Handscomb,Ingar Wager,3
34,Macaca fuscata,3.5,Wolf Hyde,Fair Cron,Freemon Brokenshaw,4
12,Papio cynocephalus,68.9,Sandro Trigwell,Suki Jerdon,Robby Flintuff,4
23,Laniarius ferrugineus,73.7,Etheline Frawley,Lynnell O'Hdirscoll,Dominic Lahy,2
3,Mirounga angustirostris,65.4,Winna Martlew,Maximilien Fretwell,Krysta Backshall,4
11,Junonia genoveua,69.2,Fleming O'Crowley,Angelica Ewell,Dasie Twist,4
16,Marmota flaviventris,33.5,Avie Brettor,Meyer Maiden,Neville Bennitt,3
22,Laniaurius atrococcineus,80.0,Natal Rentcome,Wyndham Mum,Michaela Egentan,5
30,Geospiza sp.,56.4,Gerald Fitch,Clem Bleesing,Audry Castelin,5
97,Agouti paca,39.8,Rolf Chrismas,Olenka Fortesquieu,Christian Massingberd,4
60,Pteronura brasiliensis,18.9,Dyann Domney,Raimondo Killeen,Kala Moukes,2
43,Charadrius tricollaris,22.0,Augustine Deane,Townie Sidnell,Brana Jizhaki,3
58,Isoodon obesulus,66.9,Ethelda Smullin,Minni Gillio,Maridel Croxon,4
79,Manouria emys,58.9,Juditha Learman,Doreen Slograve,Franciska Klesse,3
8,Cervus duvauceli,80.5,Sterne Shakelady,Cesare Dallman,Anabel Leader,3
19,Macaca fuscata,91.4,Leoine O'Canavan,Andie Purcell,Lucita Kitchinghan,3
91,Psittacula krameri,81.1,Livia Thickins,Adele Barkworth,Ashley Dunnaway,2
97,Hyaena hyaena,60.1,York Coweuppe,Susy O'Collopy,Esma Syce,3
1,Phalacrocorax varius,76.7,Tonya Domenici,Evelyn Elleyne,Raquel Tinsley,5
83,Tayassu tajacu,91.7,Blondelle Hugenin,Xena Calveley,Lorne Gwyllt,1
52,Ictonyx striatus,95.8,Heinrik Fine,Pennie Cowope,Cirstoforo Oganian,5
58,Phalacrocorax brasilianus,21.9,Preston Greenman,Shelden Cleiment,Quincey Wagon,2
99,Actophilornis africanus,85.4,Carmen Ankrett,Chad Gately,Deerdre MacColgan,2
80,Macropus parryi,58.0,Dallis Macro,Nelly Gerry,Gallagher Littrik,5
77,Lamprotornis superbus,51.5,Derrick Sambells,Gerald McKerton,Sherrie Slot,3
59,Colobus guerza,47.9,Claude Cullimore,Kenyon Clarricoates,Devin Palfreeman,3
75,Paroaria gularis,28.1,Doreen Whartonby,Bryanty Grishechkin,Audrie Burdass,5
50,Buteo galapagoensis,64.8,Lanette Piddlesden,Valentino Dallas,Genvieve Espinal,4
81,Coendou prehensilis,24.6,Elmer Phripp,Fenelia Lawrenceson,Mel Vigar,2
79,Felis wiedi or Leopardus weidi,37.7,Charmine Eyckelberg,Halimeda Measures,Adelind Grigoriev,4
41,Phalacrocorax carbo,51.1,Emmy Roderigo,Elsbeth Payne,Taddeusz Blakeborough,4
12,Bos taurus,10.0,Teresita Bloxham,Sile Dottrell,Chrisy Hylton,1
75,Tamiasciurus hudsonicus,16.5,Silvanus Heustice,Roxana Fitkin,Kimberlee Ceccoli,3
28,Gabianus pacificus,97.8,Ediva Fossord,Kerby Rawcliff,Amelita Ladson,2
18,Geochelone radiata,88.2,Lorilyn Longridge,Cairistiona Pagelsen,Marlon Effnert,5
29,Gyps fulvus,7.1,Philippine Warden,Fanchette Crumley,Rupert Paice,2
36,Columba palumbus,36.8,Yolanthe Tockell,Jane Olner,Heather Quinnette,1
79,Galictis vittata,63.1,Dominick Pairpoint,Kim Guirau,Hubert Brimmell,4
8,Phasianus colchicus,90.2,Jennette Whitta,Dillie Hug,Veronique Luck,2
28,Bison bison,77.4,Valma Gleadle,Tana Langlois,Levi Ianelli,4
90,Dasyurus maculatus,41.1,Nelson Liffe,Hailey Braben,Jessalyn Wagon,5
13,Dicrurus adsimilis,52.6,Carroll McAleese,Maribeth Tilne,Mair Oulner,1
22,Ramphastos tucanus,70.4,York Selland,Pearline Mulqueen,Arnoldo Wellbelove,2
61,Helogale undulata,43.9,Carling Golthorpp,Ayn Crouch,Blanca Jorioz,2
28,Macropus fuliginosus,64.7,Terri-jo Weir,Jami Shirrell,Robers Edghinn,2
57,Nannopterum harrisi,66.7,Melanie Stert,Henderson Jackson,Bartel Oakenford,3
85,Leipoa ocellata,81.1,Lotta Redborn,Noel Klasing,Miof mela Halls,2
89,Procyon cancrivorus,25.2,Sylvia Poulson,Betty Headon,Renell Jelleman,1
60,Columba palumbus,94.9,Annabela Shawyers,Cayla Swiers,Othello Gave,3
97,unavailable,94.3,Corliss Farndale,Milena Skarman,Hulda Jendrich,5
96,Ovibos moschatus,10.6,Filmer Smye,Sosanna McGillivray,Orazio Thumim,2
65,Eira barbata,69.7,Jamil Arnet,Rozalie Serchwell,Yalonda Aldus,1
18,Acanthaster planci,30.0,Hercules Hammett,Greggory Eminson,Gaultiero Seeney,5
5,Lamprotornis nitens,54.1,Kennett Lorman,Ansel Bucktharp,Rey Bernardotti,5
28,Ciconia episcopus,69.4,Baillie Reolfo,Horatius Lehemann,Huntley Drinkall,4
46,Phoenicopterus ruber,35.5,Letisha Mack,Heinrick Shotboult,Boot Lofty,2
64,Ursus arctos,30.1,Coleman Rapinett,Lark Pickle,Cole Weedon,3
87,Pan troglodytes,9.7,Agosto Shelliday,Kurt Pumfrett,Dene Ayllett,5
88,Acridotheres tristis,98.1,Riobard Gorner,Hartley Caroli,Pen Praten,3
74,Leptoptilos crumeniferus,54.9,Marco Jzhakov,Sean Stanyland,Genvieve Jinks,2
100,Oncorhynchus nerka,85.0,Rogerio Standish,Steffi Haddock,Damien Scothern,3
23,Paraxerus cepapi,34.8,Jamima Locks,Margaux Veel,Valeda Hagston,3
98,Philetairus socius,13.8,Far Briskey,Ravi McCarney,Johnna Stain,3
70,Ovis dalli stonei,44.5,Brandy Apedaile,Reena Billanie,Otho Fasset,1
100,Agkistrodon piscivorus,46.0,Daveen Sherrock,Ramsay McCowan,Mano Neilson,3
29,Cynictis penicillata,92.2,Ingaberg Knibbs,Leyla Hargey,Humbert McKerrow,3
11,Otaria flavescens,81.6,Marena Avey,Raoul Kleiser,Burnaby Raine,4
70,Orcinus orca,94.4,Orlando Moles,Fredek Swaysland,Ebony Fomichyov,3
30,Tamiasciurus hudsonicus,45.9,Rickie Delacroux,Kendrick Pernell,Romeo Edghinn,2
86,Felis concolor,94.7,Bevon Semorad,Kaitlynn Kilbourne,Scottie Mournian,5
16,Chlamydosaurus kingii,83.9,Karoly O'Keeffe,Marrilee Guilloux,Norri Benallack,4
19,Geochelone elephantopus,41.7,Myranda Tretter,Dorian Anear,Daven Crafts,5
3,Varanus sp.,44.6,Berni Berney,Leila Loggie,Gabriell Blenkiron,3
31,Bucorvus leadbeateri,90.4,Donnell Roberts,Rodolph Blazi,Willetta Symers,4
38,Otaria flavescens,8.7,Olivette Febre,Wilfrid Goady,Minni Meddick,3
26,Anthropoides paradisea,34.4,Laurie Ringrose,Zonnya Liversidge,Merline Borgesio,1
2,Paraxerus cepapi,6.9,Prudi Dibdin,Moyra Boraston,Mathilda Gheerhaert,5
2,Marmota monax,5.8,Marcelle Cotman,Nata Fallows,Corbie Doleman,5
49,Phoeniconaias minor,43.1,Natka Braisted,Donaugh Darnbrook,Marv Woolam,5
10,Dasyurus maculatus,67.6,Marnia Stoaks,Arabella Loddon,Darb Pady,2
80,Meles meles,24.0,Kele Budcock,Putnem Bankes,Karyl Prattin,4
92,Macaca nemestrina,21.4,Jourdan Thwaite,Carolyn Denyukin,Stavro Gregorowicz,5
75,Morelia spilotes variegata,67.2,Adela Sayton,Quinta Louiset,Gaston Yanele,1
36,Lamprotornis nitens,3.6,Lula Venditto,Lyda Andell,Hobey Keysel,3
89,Bubo virginianus,22.9,Eldredge Fahrenbacher,Lyndell Orans,Lura Lissemore,4
44,Libellula quadrimaculata,94.8,Giorgia Smalcombe,Cole Rentoll,Merrill Son,5
47,Paraxerus cepapi,69.6,Bria Loughman,Ellette Longland,Albertine Sutter,2
66,Zosterops pallidus,73.5,Odelle Ashelford,Joletta Ivakhno,Korie Rittelmeyer,5
43,Gopherus agassizii,96.3,Em Marrett,Debbie Smithend,Debbie Bleier,2
78,Hystrix indica,15.4,Jarib Frances,Edi Durn,Prisca Tenman,3
75,Xerus sp.,52.0,Rosemaria Emmanuele,Yuma Manchester,Lindon Roset,2
28,Pseudocheirus peregrinus,89.4,Christoper Smallsman,Yurik Rollinshaw,Beryle Kemmett,3
42,Delphinus delphis,53.1,Georges McFetridge,Tibold Ruselin,Kathryn Bennallck,3
87,Actophilornis africanus,27.7,Nobie Swiggs,Kattie Hinz,Duffy Bywaters,1
35,Haematopus ater,42.5,Ber Buckberry,Nadiya Lebbon,Morton Bleasdale,5
85,Felis concolor,29.2,Junia Gilgryst,Darcee Bechley,Sally Cromley,2
51,Colobus guerza,23.7,Lukas Capps,Leonanie Shillabeare,Gussy Hardy-Piggin,5
9,Anser caerulescens,36.4,Robbyn Callister,Ann-marie Coneau,Saunders Armytage,5
37,Aonyx cinerea,60.4,Leigh Leah,Lilli Seligson,Valina Huxter,2
68,Hystrix indica,47.4,Linn Kinavan,Meriel Grannell,Nikola Estick,2
21,Tauraco porphyrelophus,37.7,Ximenez Sunock,Johann Bachura,Nerita Brentnall,1
22,Erinaceus frontalis,39.3,Petronia Klimontovich,Prince O'Donegan,Merralee Dudney,5
31,Tamandua tetradactyla,72.7,Elmira Peppard,Cynthy Dorro,Klarika Fladgate,3
93,Centrocercus urophasianus,53.0,Angeline Murgatroyd,Page McCauley,Edy Shay,4
48,Macropus robustus,99.7,Mamie Turn,Pammy Blitz,Guinevere Rogerson,1
82,Macropus robustus,86.6,Kelwin Edgeon,Jennine Gallichan,Caitlin Stancliffe,4
97,Heloderma horridum,5.8,Mureil Goudman,Cordie Fearenside,Ophelia Jindrich,3
5,Psophia viridis,45.5,Reine Pabel,Saleem Tzuker,Artie Care,4
82,Grus rubicundus,41.5,Magdalene Owttrim,Lindie McMenamie,Sax Bum,1
97,Paraxerus cepapi,12.6,Jacquenette Gresswell,Stearne Jannequin,Pegeen Yielding,4
61,Anthropoides paradisea,50.6,Tova Colledge,Atalanta Wakefield,Eb Gotliffe,4
23,Estrilda erythronotos,80.8,Devi Normadell,Giff Rodder,Nellie Sivior,2
63,Macropus agilis,1.2,Maddi Hayles,Celie Pifford,Arabel Wanka,1
90,Himantopus himantopus,22.5,Katherina Pallent,Rozina Huxtable,Verine Cato,1
6,Pituophis melanaleucus,8.0,Rosamund Yuryichev,Bernie Eggleton,Ellwood Halegarth,1
20,Caiman crocodilus,7.7,Jaimie Domelaw,Lionel McGrane,Hall Daddow,3
6,Cordylus giganteus,34.5,Bertine Stickler,Dar Digweed,Issie Leathe,4
11,Larus fuliginosus,54.1,Gunilla Joburn,Waldemar Towersey,Nicoline Bellison,5
17,Pelecans onocratalus,62.6,Stefano Trays,Gerard Daelman,Norbie Rose,2
94,Crotalus adamanteus,78.5,Clari Boosey,Lothario Etridge,Verge Sibborn,5
37,Boa constrictor mexicana,54.0,Tyne Mereweather,Angus Claye,Sisile La Torre,2
100,Ephippiorhynchus mycteria,40.3,Germayne Palmar,Franky Grannell,Reinhard Passy,2
38,Papio cynocephalus,4.9,Witty Karby,Carmine Bartosiak,Jacobo Skedge,4
99,Alligator mississippiensis,50.3,Raychel Cossins,Sherri O'Doireidh,Sherline Gregoratti,2
90,Pycnonotus nigricans,22.5,Emmerich Finders,Michel Chazotte,Connie Logan,3
6,Loris tardigratus,80.0,Guenna Alliker,Thedric Lightbown,Torrie Rosser,4
75,Eudromia elegans,81.1,Willa Godden,Giacopo Pawson,Hollie Clyburn,2
78,Ara macao,16.3,Dareen Velareal,Lovell Alleyn,Norah Dugdale,2
89,Centrocercus urophasianus,31.6,Mead Bastian,Rutledge Hedlestone,Haleigh Lillicrop,5
49,Conolophus subcristatus,31.4,Fritz O'Towey,Maddalena Jowers,Helenelizabeth Dadds,5
52,Pterocles gutturalis,24.7,Jacky Haistwell,Elvera Couvert,Jourdan Coneybeer,4
9,Felis serval,16.7,Mathilda Harrod,Lowe Stote,Marcus Wateridge,3
33,Grus antigone,40.6,Petronella Rodell,Terrie Buttel,Emogene Bruyns,3
8,Cacatua tenuirostris,14.6,Mallory Warnock,Evangeline Jessope,Smith Greaser,5
20,Recurvirostra avosetta,35.5,Garvin Haysham,Stella Embleton,Jania Melmoth,3
83,Notechis semmiannulatus,72.1,Thomasine Edmondson,Harwilll Glasheen,Jaimie McClinton,3
90,Geospiza sp.,96.0,Happy Roxburch,Kathie Ludye,Lewiss Huguet,1
38,Antidorcas marsupialis,82.4,Marrilee Bernardinelli,Thane Forman,Cthrine Fearne,4
52,Gazella thompsonii,16.4,Drew McMechan,Amble McGarrie,Beverie Vassie,2
77,Ceratotherium simum,38.0,Maggi Chrystie,Hillary Szimon,Rik Churches,5
30,Uraeginthus angolensis,53.5,Nydia Warlow,Blanch Leatherborrow,Jamaal Cuniffe,3
20,Ardea golieth,36.2,Brunhilde Westrope,Stevana Gagan,Arty Dancy,5
96,Dasypus septemcincus,44.5,Bette-ann Lofty,Deerdre Langfitt,Lewie Alflatt,4
58,Zonotrichia capensis,92.5,Werner Stripling,Fran De Biasio,Pammie Maden,5
33,Anas bahamensis,82.6,Mercedes Ziebart,Channa Sprionghall,Daron Baxstair,3
38,Spermophilus armatus,78.0,Joleen Sheber,Liam Clamp,Lusa Shillum,2
68,Odocoileus hemionus,61.8,Nickey Smallshaw,Christopher Schrader,Leo Lynagh,3
43,Tachybaptus ruficollis,1.1,Catharine Brownsey,Chico Cockett,Fayina Hall-Gough,4
68,Ninox superciliaris,73.7,Carney Tofano,Wait Alven,Maximilien Joe,2
47,Aonyx cinerea,11.4,Tabor Fullager,Sharia Cranefield,Davidde Galilee,4
74,Tetracerus quadricornis,42.6,Guntar Youthead,Danna Gathercoal,Latrena Margrie,1
82,Corvus brachyrhynchos,24.6,Ilene Bonifacio,Rozanne Doblin,Tamarah Toll,2
47,Ardea golieth,2.7,Ines Postins,Marti Ryde,Barbie Stollenbeck,4
96,Loxodonta africana,73.3,Creight Cousen,Kathe Crowson,Jessalyn Redparth,4
80,Pseudocheirus peregrinus,2.9,Karyl Cushion,Marilee Goldfinch,Bartlett Milkeham,4
15,Agkistrodon piscivorus,76.4,Hewett Summerly,Merl Blundon,Mirna Frankel,1
63,Phylurus milli,54.0,Peggie Coppen,Petra Stronack,Marika Bohden,1
79,Felis serval,67.8,Bryant Faltskog,Adam Barca,Padgett Bebbington,3
32,Recurvirostra avosetta,5.5,Alane Pittel,Pepito Bynold,Enrico Wisbey,3
26,Sciurus vulgaris,94.2,Elonore Sibyllina,Hatti Tweddle,Ray Dorricott,5
6,Bassariscus astutus,90.3,Dyann Bernadot,Avery Robardey,Forester Watterson,2
98,Pitangus sulphuratus,88.6,Idalia Moulster,Lira Berrey,Ogdon Sibthorp,2
81,Cathartes aura,31.6,Farrand Bolle,Simmonds Down,Maisey Danielczyk,1
99,Varanus sp.,46.4,Rhea Suthren,Latrena Glanders,Kennett Chattock,4
37,Gyps bengalensis,52.3,Marena Dinsell,Ethelred Welsby,Kaja Vampouille,4
48,Coluber constrictor,55.9,Ange Brydie,Suzanna Franchi,Almeta Frodsham,3
23,Lutra canadensis,34.9,Megen Kopmann,Scarface Alvaro,Karla Dinning,1
17,Choriotis kori,95.4,Dennis Goldes,Daphna Glasscoo,Yoko Gater,5
14,Pteronura brasiliensis,41.2,Ealasaid Blinkhorn,Murdoch Struijs,Consuela Keaves,2
92,Stercorarius longicausus,79.6,Stacey Dik,Nanni Nehl,Jordain Carlisi,2
24,Theropithecus gelada,31.3,Collin Sloss,Rivalee O'Halligan,Adelle Knowlson,3
2,Macaca fuscata,70.6,Elwood Hethron,Freddie Lightwing,Inge Danhel,4
28,Ursus maritimus,60.7,Sioux Corradengo,Leonora McAughtrie,Filberte Snyder,3
94,Cracticus nigroagularis,22.2,Siusan O'Hannay,Baxie Ambrosoli,Reyna Purry,1
5,Taurotagus oryx,41.7,Brigg Ferenczi,Dorita Vinsen,Corissa Hollingshead,3
27,Francolinus coqui,77.9,Elissa Liddiatt,Celia Mitchard,Catrina Dearn,5
53,Cathartes aura,6.4,Kendall Seaking,Micah Concannon,Marguerite Bortolussi,3
21,Crotaphytus collaris,5.5,Eleni Aaronsohn,Ray Mantripp,Tina Tyzack,4
32,Bassariscus astutus,23.2,Etheline Wigfall,Judd Gallemore,Olenka Govan,5
20,Macaca mulatta,39.2,Malissa Soots,Lyell Treadger,Cece Undrell,2
43,Eumetopias jubatus,59.9,Alfie Cornall,Rivi Copnell,Isaac Minger,5
15,Bettongia penicillata,83.3,Audre Kinkade,Gregoire Congdon,Robbert Hritzko,4
31,Isoodon obesulus,67.1,Justin Helgass,Trudy Moggle,Augustine Gurery,1
32,Globicephala melas,2.0,Milton Pinniger,Pedro Buckle,Claudine MacEvilly,5
15,Varanus salvator,71.0,Mildred Pulley,Auberon Belbin,Rozella Gresser,3
6,Bettongia penicillata,60.8,Aurilia Alyonov,Powell Yarwood,Ellynn Foxton,1
39,Tockus flavirostris,10.7,Zarah Dongate,Aime Miko,Lory Adriani,1
32,Funambulus pennati,19.0,Cymbre Beglin,Solly Cronshaw,Merilyn Curcher,4
85,Paraxerus cepapi,36.4,Wald Gindghill,Delila Emett,Karol Edelheit,5
85,Chlamydosaurus kingii,68.3,Cathlene Tournie,Fredra Trime,Maurie Rudsdale,3
11,Gymnorhina tibicen,39.7,Byrom McElmurray,Jeth Elbourne,Lilla Foch,1
6,Dasyurus viverrinus,81.3,Janek Curneen,Farrel Stabler,Derward Cauldwell,5
87,Notechis semmiannulatus,44.9,Virge Yurov,Junie Larter,Marsha Gay,4
85,Melursus ursinus,48.7,Ara Muir,Holli McDuff,Cornall Chatteris,1
8,Echimys chrysurus,47.3,Aggy Davis,Morty Kennsley,Chevy Howat,3
45,Tachybaptus ruficollis,58.5,Demetris Alpine,Elianore Dailly,Jay Betteson,5
33,Eudromia elegans,61.4,Hugh Fildery,Denyse Gwyer,Babbette Pietersen,1
82,Chordeiles minor,23.2,Noni Uff,Annice Johnys,Denys Ducarel,5
57,Ceratotherium simum,82.7,Wallie Petris,Constantino Gearty,Garrick Volante,2
37,Dasypus novemcinctus,59.4,Natalya Inkin,Ealasaid Wensley,Retha Renehan,3
33,Cynomys ludovicianus,1.2,Willabella Davis,Natale Rexworthy,Basile Matessian,1
68,Buteo jamaicensis,4.8,Karel Soans,Evvy Mattusevich,Claudette Franses,4
42,Acridotheres tristis,26.6,Burty Lipmann,Lynn Smout,Christy Reedy,1
24,Libellula quadrimaculata,94.2,Torrie Rawcliff,Konstanze Whilder,Chandra Kinnaird,2
56,Lepus arcticus,40.7,Reagen Lowten,Jerad Briand,Candie Brunel,1
30,Spheniscus magellanicus,74.1,Ely Dawltrey,Tarah Hasted,Katie Cutmare,1
42,Turtur chalcospilos,37.0,Aeriell Sambles,Arda Bysshe,Concettina Newsome,5
58,Columba palumbus,85.6,Mersey Satteford,Falkner Rowdell,Cindy Stallon,5
23,Ciconia ciconia,26.5,Davidson Habeshaw,Padget Berndt,Nananne MacCafferky,3
36,Plocepasser mahali,55.1,Alva McLukie,Erik Goodison,Ralph Bath,1
41,Pycnonotus barbatus,17.7,Anya Caudell,Lindy Isaacson,Austen Dwyr,5
100,Tragelaphus angasi,37.3,Gussie Stittle,Gard Bottoner,Elyssa Aitkenhead,1
88,Eubalaena australis,43.5,Becka Morsey,Liana Brogioni,Fair Bayston,4
7,Cervus duvauceli,69.4,Albina Kainz,Magdalen Heal,Adrianna Jimeno,5
53,Ovis canadensis,71.8,Krystle Listone,Fey Chevalier,Bunnie Trevarthen,2
51,Cebus apella,56.7,Carlina Miko,Alan Hooks,Gwynne Ahrendsen,1
60,Meles meles,89.8,Lucho Goodsal,Westbrook Brazil,Leroy Abernethy,2
48,Phoca vitulina,81.7,Wang Cutress,Kenyon Januszewicz,Sissie Moller,5
17,Oryx gazella,36.8,Ximenes Randlesome,Verene Petch,Bar Dawidowitsch,1
18,Phoenicopterus ruber,29.3,Benton Thursby,Berget Di Bernardo,Zebulen Quinion,2
56,Gazella thompsonii,11.4,Mirabel Karlowicz,Andie Hay,Jackelyn Bleakley,2
